time,Cache:adminBytes,Cache:avgBatchCACHEMODE,Cache:avgBatchCRITICAL,Cache:avgBatchDAEMON,Cache:avgBatchEVICTORTHREAD,Cache:avgBatchMANUAL,Cache:cacheTotalBytes,Cache:dataAdminBytes,Cache:dataBytes,Cache:lockBytes,Cache:nBINsEvictedCACHEMODE,Cache:nBINsEvictedCRITICAL,Cache:nBINsEvictedDAEMON,Cache:nBINsEvictedEVICTORTHREAD,Cache:nBINsEvictedMANUAL,Cache:nBINsFetch,Cache:nBINsFetchMiss,Cache:nBINsStripped,Cache:nBatchesCACHEMODE,Cache:nBatchesCRITICAL,Cache:nBatchesDAEMON,Cache:nBatchesEVICTORTHREAD,Cache:nBatchesMANUAL,Cache:nCachedBINs,Cache:nCachedUpperINs,Cache:nEvictPasses,Cache:nINCompactKey,Cache:nINNoTarget,Cache:nINSparseTarget,Cache:nLNsFetch,Cache:nLNsFetchMiss,Cache:nNodesEvicted,Cache:nNodesScanned,Cache:nNodesSelected,Cache:nRootNodesEvicted,Cache:nSharedCacheEnvironments,Cache:nThreadUnavailable,Cache:nUpperINsEvictedCACHEMODE,Cache:nUpperINsEvictedCRITICAL,Cache:nUpperINsEvictedDAEMON,Cache:nUpperINsEvictedEVICTORTHREAD,Cache:nUpperINsEvictedMANUAL,Cache:nUpperINsFetch,Cache:nUpperINsFetchMiss,Cache:requiredEvictBytes,Cache:sharedCacheTotalBytes,Checkpoints:lastCheckpointEnd,Checkpoints:lastCheckpointId,Checkpoints:lastCheckpointStart,Checkpoints:nCheckpoints,Checkpoints:nDeltaINFlush,Checkpoints:nFullBINFlush,Checkpoints:nFullINFlush,Cleaning:cleanerBackLog,Cleaning:fileDeletionBacklog,Cleaning:lnSizeCorrectionFactor,Cleaning:nBINDeltasCleaned,Cleaning:nBINDeltasDead,Cleaning:nBINDeltasMigrated,Cleaning:nBINDeltasObsolete,Cleaning:nCleanerDeletions,Cleaning:nCleanerEntriesRead,Cleaning:nCleanerProbeRuns,Cleaning:nCleanerRuns,Cleaning:nClusterLNsProcessed,Cleaning:nINsCleaned,Cleaning:nINsDead,Cleaning:nINsMigrated,Cleaning:nINsObsolete,Cleaning:nLNQueueHits,Cleaning:nLNsCleaned,Cleaning:nLNsDead,Cleaning:nLNsLocked,Cleaning:nLNsMarked,Cleaning:nLNsMigrated,Cleaning:nLNsObsolete,Cleaning:nMarkLNsProcessed,Cleaning:nPendingLNsLocked,Cleaning:nPendingLNsProcessed,Cleaning:nRepeatIteratorReads,Cleaning:nToBeCleanedLNsProcessed,Cleaning:pendingLNQueueSize,Cleaning:totalLogSize,Environment:btreeRelatchesRequired,Environment:environmentCreationTime,I/O:bufferBytes,I/O:endOfLog,I/O:nBytesReadFromWriteQueue,I/O:nBytesWrittenFromWriteQueue,I/O:nCacheMiss,I/O:nFSyncRequests,I/O:nFSyncTime,I/O:nFSyncs,I/O:nFileOpens,I/O:nGroupCommitRequests,I/O:nGroupCommitWaits,I/O:nGrpCommitTimeouts,I/O:nLogBuffers,I/O:nLogFSyncs,I/O:nLogIntervalExceeded,I/O:nLogMaxGroupCommitThreshold,I/O:nNotResident,I/O:nOpenFiles,I/O:nRandomReadBytes,I/O:nRandomReads,I/O:nRandomWriteBytes,I/O:nRandomWrites,I/O:nReadsFromWriteQueue,I/O:nRepeatFaultReads,I/O:nSequentialReadBytes,I/O:nSequentialReads,I/O:nSequentialWriteBytes,I/O:nSequentialWrites,I/O:nTempBufferWrites,I/O:nWriteQueueOverflow,I/O:nWriteQueueOverflowFailures,I/O:nWritesFromWriteQueue,Jvm:G1 Concurrent GC.count,Jvm:G1 Concurrent GC.time,Jvm:G1 Old Generation.count,Jvm:G1 Old Generation.time,Jvm:G1 Young Generation.count,Jvm:G1 Young Generation.time,Jvm:heap,Jvm:loadAverage,Locks:nLatchAcquireNoWaitUnsuccessful,Locks:nLatchAcquiresNoWaitSuccessful,Locks:nLatchAcquiresNoWaiters,Locks:nLatchAcquiresSelfOwned,Locks:nLatchAcquiresWithContention,Locks:nLatchReleases,Locks:nRequests,Locks:nWaits,Node Compression:cursorsBins,Node Compression:dbClosedBins,Node Compression:inCompQueueSize,Node Compression:nonEmptyBins,Node Compression:processedBins,Node Compression:splitBins,Op:cursorDelete,Op:cursorGetCurrent,Op:cursorGetFirst,Op:cursorGetLast,Op:cursorGetNext,Op:cursorGetNextDup,Op:cursorGetNextNoDup,Op:cursorGetPrev,Op:cursorGetPrevDup,Op:cursorGetPrevNoDup,Op:cursorPut,Op:cursorPutCurrent,Op:cursorPutNoDupData,Op:cursorPutNoOverwrite,Op:dbDelete,Op:dbGet,Op:dbGetSearchBoth,Op:dbPut,Op:dbPutNoDupData,Op:dbPutNoOverWrite,Op:dbRemoveSequence,Op:dosCursorGetNext,Op:secondaryCursorDelete,Op:secondaryCursorGetCurrent,Op:secondaryCursorGetFirst,Op:secondaryCursorGetLast,Op:secondaryCursorGetNext,Op:secondaryCursorGetNextDup,Op:secondaryCursorGetNextNoDup,Op:secondaryCursorGetPrev,Op:secondaryCursorGetPrevDup,Op:secondaryCursorGetPrevNoDup,Op:secondaryDbDelete,Op:secondaryDbGet,Op:secondaryDbGetSearchBoth
2026-09-28T14:58:50Z,161,0,0,0,0,0,3163825,1248,17936,0,0,0,0,0,0,4,0,0,0,0,0,0,0,3,3,0,0,1,5,0,0,0,0,0,0, ,0,0,0,0,0,0,0,0,0,0,943,1,369,1,0,2,4,0,0,0,0,0,0,0,0,0,0,0,0,0,0,0,0,0,0,0,0,0,0,0,0,0,0,0,0,0,0,0,1790607530214,3145728,0,0,0,0,2,16,2,2,2,0,0,3,3,0,0,0,0,0,0,38,1,0,0,2048,1,954,2,0,0,0,0,0,0,0,0,1,8,18972672,-1,0,0,0,0,0,0,0,0,0,0,0,0,0,0,0,0,0,0,0,0,0,0,0,0,0,0,0,0,0,0,0,0,0,0,0,0,0,0,0,0,0,0,0,0,0,0,0,0,0
2026-09-28T14:59:50Z,161,0,0,0,0,0,3475692,1467,329803,0,0,0,0,0,0,8318,0,0,0,0,0,0,0,17,5,0,0,1,5,2951,0,0,0,0,0, ,0,0,0,0,0,0,0,0,0,0,943,1,369,0,0,0,0,0,0,0,0,0,0,0,0,0,0,0,0,0,0,0,0,0,0,0,0,0,0,0,0,0,0,0,0,0,0,0,1790607530214,3145728,0,0,0,0,0,0,0,0,0,0,0,3,0,0,0,0,0,0,0,0,0,0,0,0,0,0,0,0,0,0,0,0,0,0,0,4,25,129858800,-1,0,0,0,0,0,0,0,0,0,0,0,0,3,0,353,0,30,0,706,0,0,0,0,0,0,0,0,0,0,6488,0,1720,0,0,0,0,0,0,0,0,0,0,0,0,0,0,0,0,0
2026-09-28T15:00:50Z,161,0,0,0,0,0,3633140,1467,487251,0,0,0,0,0,0,7173,0,0,0,0,0,0,0,28,5,0,5,1,5,3115,0,0,0,0,0, ,0,0,0,0,0,0,0,0,0,0,943,1,369,0,0,0,0,0,0,0,0,0,0,0,0,0,0,0,0,0,0,0,0,0,0,0,0,0,0,0,0,0,0,0,0,0,0,0,1790607530214,3145728,0,0,0,0,0,0,0,0,0,0,0,3,0,0,0,0,0,0,0,0,0,0,0,0,0,0,0,0,0,0,0,0,0,0,0,3,15,147939048,-1,0,0,0,0,0,0,0,0,0,0,0,0,0,0,0,0,0,0,0,0,0,0,0,0,0,0,0,0,0,6558,0,604,0,0,0,0,0,0,0,0,0,0,0,0,0,0,0,0,0
2026-09-28T15:01:50Z,161,0,0,0,0,0,3813004,1467,667115,0,0,0,0,0,0,6458,0,0,0,0,0,0,0,36,5,0,10,1,5,2527,0,0,0,0,0, ,0,0,0,0,0,0,0,0,0,0,943,1,369,0,0,0,0,0,0,0,0,0,0,0,0,0,0,0,0,0,0,0,0,0,0,0,0,0,0,0,0,0,0,0,0,0,0,0,1790607530214,3145728,0,0,0,0,0,0,0,0,0,0,0,3,0,0,0,0,0,0,0,0,0,0,0,0,0,0,0,0,0,0,0,0,0,0,0,4,20,64187384,-1,0,0,0,0,0,0,0,0,0,0,0,0,0,0,0,0,0,0,0,0,0,0,0,0,0,0,0,0,0,5708,0,742,0,0,0,0,0,0,0,0,0,0,0,0,0,0,0,0,0
2026-09-28T15:02:50Z,161,0,0,0,0,0,4033260,1467,887371,0,0,0,0,0,0,8165,0,0,0,0,0,0,0,49,5,0,17,1,5,3050,0,0,0,0,0, ,0,0,0,0,0,0,0,0,0,0,943,1,369,0,0,0,0,0,0,0,0,0,0,0,0,0,0,0,0,0,0,0,0,0,0,0,0,0,0,0,0,0,0,0,0,0,0,0,1790607530214,3145728,0,0,0,0,0,0,0,0,0,0,0,3,0,0,0,0,0,0,0,0,0,0,0,0,0,0,0,0,0,0,0,0,0,0,0,3,15,142959760,-1,0,0,0,0,0,0,0,0,0,0,0,0,0,0,0,0,0,0,0,0,0,0,0,0,0,0,0,0,0,7178,0,974,0,0,0,0,0,0,0,0,0,0,0,0,0,0,0,0,0
2026-09-28T15:03:50Z,161,0,0,0,0,0,4141524,1467,995635,0,0,0,0,0,0,6918,0,0,0,0,0,0,0,55,5,0,20,1,5,3204,0,0,0,0,0, ,0,0,0,0,0,0,0,0,0,0,943,1,369,0,0,0,0,0,0,0,0,0,0,0,0,0,0,0,0,0,0,0,0,0,0,0,0,0,0,0,0,0,0,0,0,0,0,0,1790607530214,3145728,0,0,0,0,0,0,0,0,0,0,0,3,0,0,0,0,0,0,0,0,0,0,0,0,0,0,0,0,0,0,0,0,0,0,0,4,19,46944240,-1,0,0,0,0,0,0,0,0,0,0,0,0,0,0,0,0,0,0,0,0,0,0,0,0,0,0,0,0,0,6468,0,444,0,0,0,0,0,0,0,0,0,0,0,0,0,0,0,0,0
2026-09-28T15:04:50Z,161,0,0,0,0,0,4275428,1467,1129539,0,0,0,0,0,0,6547,0,0,0,0,0,0,0,62,5,0,24,1,5,2866,0,0,0,0,0, ,0,0,0,0,0,0,0,0,0,0,943,1,369,0,0,0,0,0,0,0,0,0,0,0,0,0,0,0,0,0,0,0,0,0,0,0,0,0,0,0,0,0,0,0,0,0,0,0,1790607530214,3145728,0,0,0,0,0,0,0,0,0,0,0,3,0,0,0,0,0,0,0,0,0,0,0,0,0,0,0,0,0,0,0,0,0,0,0,2,4,168811816,-1,0,0,0,0,0,0,0,0,0,0,0,0,0,0,0,0,0,0,0,0,0,0,0,0,0,0,0,0,0,6020,0,520,0,0,0,0,0,0,0,0,0,0,0,0,0,0,0,0,0
2026-09-28T15:05:50Z,161,0,0,0,0,0,4418876,1467,1272987,0,0,0,0,0,0,7044,0,0,0,0,0,0,0,69,5,0,28,1,5,3019,0,0,0,0,0, ,0,0,0,0,0,0,0,0,0,0,943,1,369,0,0,0,0,0,0,0,0,0,0,0,0,0,0,0,0,0,0,0,0,0,0,0,0,0,0,0,0,0,0,0,0,0,0,0,1790607530214,3145728,0,0,0,0,0,0,0,0,0,0,0,3,0,0,0,0,0,0,0,0,0,0,0,0,0,0,0,0,0,0,0,0,0,0,0,4,8,41913448,-1,0,0,0,0,0,0,0,0,0,0,0,0,0,0,0,0,0,0,0,0,0,0,0,0,0,0,0,0,0,6479,0,558,0,0,0,0,0,0,0,0,0,0,0,0,0,0,0,0,0
2026-09-28T15:06:50Z,161,0,0,0,0,0,4507260,1467,1361371,0,0,0,0,0,0,6146,0,0,0,0,0,0,0,73,5,0,31,1,5,2856,0,0,0,0,0, ,0,0,0,0,0,0,0,0,0,0,943,1,369,0,0,0,0,0,0,0,0,0,0,0,0,0,0,0,0,0,0,0,0,0,0,0,0,0,0,0,0,0,0,0,0,0,0,0,1790607530214,3145728,0,0,0,0,0,0,0,0,0,0,0,3,0,0,0,0,0,0,0,0,0,0,0,0,0,0,0,0,0,0,0,0,0,0,0,2,3,166743128,-1,0,0,0,0,0,0,0,0,0,0,0,0,0,0,0,0,0,0,0,0,0,0,0,0,0,0,0,0,0,5802,0,340,0,0,0,0,0,0,0,0,0,0,0,0,0,0,0,0,0
2026-09-28T15:07:50Z,161,0,0,0,0,0,4569628,1467,1423739,0,0,0,0,0,0,6073,0,0,0,0,0,0,0,77,5,0,32,1,5,2973,0,0,0,0,0, ,0,0,0,0,0,0,0,0,0,0,943,1,369,0,0,0,0,0,0,0,0,0,0,0,0,0,0,0,0,0,0,0,0,0,0,0,0,0,0,0,0,0,0,0,0,0,0,0,1790607530214,3145728,0,0,0,0,0,0,0,0,0,0,0,3,0,0,0,0,0,0,0,0,0,0,0,0,0,0,0,0,0,0,0,0,0,0,0,3,5,131634616,-1,0,0,0,0,0,0,0,0,0,0,0,0,0,0,0,0,0,0,0,0,0,0,0,0,0,0,0,0,0,5833,0,236,0,0,0,0,0,0,0,0,0,0,0,0,0,0,0,0,0
2026-09-28T15:08:50Z,161,0,0,0,0,0,4631556,1467,1485667,0,0,0,0,0,0,6129,0,0,0,0,0,0,0,81,5,0,34,1,5,2991,0,0,0,0,0, ,0,0,0,0,0,0,0,0,0,0,943,1,369,0,0,0,0,0,0,0,0,0,0,0,0,0,0,0,0,0,0,0,0,0,0,0,0,0,0,0,0,0,0,0,0,0,0,0,1790607530214,3145728,0,0,0,0,0,0,0,0,0,0,0,3,0,0,0,0,0,0,0,0,0,0,0,0,0,0,0,0,0,0,0,0,0,0,0,3,6,116555848,-1,0,0,0,0,0,0,0,0,0,0,0,0,0,0,0,0,0,0,0,0,0,0,0,0,0,0,0,0,0,5919,0,206,0,0,0,0,0,0,0,0,0,0,0,0,0,0,0,0,0
2026-09-28T15:09:50Z,161,0,0,0,0,0,4673852,1467,1527963,0,0,0,0,0,0,5698,0,0,0,0,0,0,0,82,5,0,35,1,5,2692,0,0,0,0,0, ,0,0,0,0,0,0,0,0,0,0,943,1,369,0,0,0,0,0,0,0,0,0,0,0,0,0,0,0,0,0,0,0,0,0,0,0,0,0,0,0,0,0,0,0,0,0,0,0,1790607530214,3145728,0,0,0,0,0,0,0,0,0,0,0,3,0,0,0,0,0,0,0,0,0,0,0,0,0,0,0,0,0,0,0,0,0,0,0,3,5,77867872,-1,0,0,0,0,0,0,0,0,0,0,0,0,0,0,0,0,0,0,0,0,0,0,0,0,0,0,0,0,0,5509,0,188,0,0,0,0,0,0,0,0,0,0,0,0,0,0,0,0,0
2026-09-28T15:10:50Z,161,0,0,0,0,0,4781748,1467,1635859,0,0,0,0,0,0,6586,0,0,0,0,0,0,0,90,5,0,39,1,5,3003,0,0,0,0,0, ,0,0,0,0,0,0,0,0,0,0,943,1,369,0,0,0,0,0,0,0,0,0,0,0,0,0,0,0,0,0,0,0,0,0,0,0,0,0,0,0,0,0,0,0,0,0,0,0,1790607530214,3145728,0,0,0,0,0,0,0,0,0,0,0,3,0,0,0,0,0,0,0,0,0,0,0,0,0,0,0,0,0,0,0,0,0,0,0,3,6,105059824,-1,0,0,0,0,0,0,0,0,0,0,0,0,0,0,0,0,0,0,0,0,0,0,0,0,0,0,0,0,0,6110,0,468,0,0,0,0,0,0,0,0,0,0,0,0,0,0,0,0,0
2026-09-28T15:11:50Z,161,0,0,0,0,0,4820188,1467,1674299,0,0,0,0,0,0,5992,0,0,0,0,0,0,0,92,5,0,39,1,5,3037,0,0,0,0,0, ,0,0,0,0,0,0,0,0,0,0,943,1,369,0,0,0,0,0,0,0,0,0,0,0,0,0,0,0,0,0,0,0,0,0,0,0,0,0,0,0,0,0,0,0,0,0,0,0,1790607530214,3145728,0,0,0,0,0,0,0,0,0,0,0,3,0,0,0,0,0,0,0,0,0,0,0,0,0,0,0,0,0,0,0,0,0,0,0,3,6,68735632,-1,0,0,0,0,0,0,0,0,0,0,0,0,1,0,100,0,4,0,200,0,0,0,0,0,0,0,0,0,0,5709,0,266,0,0,0,0,0,0,0,0,0,0,0,0,0,0,0,0,0
2026-09-28T15:12:50Z,161,0,0,0,0,0,4892772,1467,1746883,0,0,0,0,0,0,6725,0,0,0,0,0,0,0,95,5,0,39,1,5,3269,0,0,0,0,0, ,0,0,0,0,0,0,0,0,0,0,943,1,369,0,0,0,0,0,0,0,0,0,0,0,0,0,0,0,0,0,0,0,0,0,0,0,0,0,0,0,0,0,0,0,0,0,0,0,1790607530214,3145728,0,0,0,0,0,0,0,0,0,0,0,3,0,0,0,0,0,0,0,0,0,0,0,0,0,0,0,0,0,0,0,0,0,0,0,3,5,130935496,-1,0,0,0,0,0,0,0,0,0,0,0,0,1,0,100,0,4,0,200,0,0,0,0,0,0,0,0,0,0,6305,0,402,0,0,0,0,0,0,0,0,0,0,0,0,0,0,0,0,0
2026-09-28T15:13:50Z,161,0,0,0,0,0,4963068,1467,1817179,0,0,0,0,0,0,6490,0,0,0,0,0,0,0,99,5,0,39,1,5,3213,0,0,0,0,0, ,0,0,0,0,0,0,0,0,0,0,943,1,369,0,0,0,0,0,0,0,0,0,0,0,0,0,0,0,0,0,0,0,0,0,0,0,0,0,0,0,0,0,0,0,0,0,0,0,1790607530214,3145728,0,0,0,0,0,0,0,0,0,0,0,3,0,0,0,0,0,0,0,0,0,0,0,0,0,0,0,0,0,0,0,0,0,0,0,3,6,104881576,-1,0,0,0,0,0,0,0,0,0,0,0,0,0,0,50,0,2,0,100,0,0,0,0,0,0,0,0,0,0,6204,0,278,0,0,0,0,0,0,0,0,0,0,0,0,0,0,0,0,0
2026-09-28T15:14:50Z,161,0,0,0,0,0,4998740,1467,1852851,0,0,0,0,0,0,5722,0,0,0,0,0,0,0,102,5,0,40,1,5,2623,0,0,0,0,0, ,0,0,0,0,0,0,0,0,0,0,943,1,369,0,0,0,0,0,0,0,0,0,0,0,0,0,0,0,0,0,0,0,0,0,0,0,0,0,0,0,0,0,0,0,0,0,0,0,1790607530214,3145728,0,0,0,0,0,0,0,0,0,0,0,3,0,0,0,0,0,0,0,0,0,0,0,0,0,0,0,0,0,0,0,0,0,0,0,2,3,123632184,-1,0,0,0,0,0,0,0,0,0,0,0,0,0,0,0,0,0,0,0,0,0,0,0,0,0,0,0,0,0,5591,0,128,0,0,0,0,0,0,0,0,0,0,0,0,0,0,0,0,0
2026-09-28T15:15:50Z,161,0,0,0,0,0,5053556,1467,1907667,0,0,0,0,0,0,6111,0,0,0,0,0,0,0,103,5,0,40,1,5,2944,0,0,0,0,0, ,0,0,0,0,0,0,0,0,0,0,943,1,369,0,0,0,0,0,0,0,0,0,0,0,0,0,0,0,0,0,0,0,0,0,0,0,0,0,0,0,0,0,0,0,0,0,0,0,1790607530214,3145728,0,0,0,0,0,0,0,0,0,0,0,3,0,0,0,0,0,0,0,0,0,0,0,0,0,0,0,0,0,0,0,0,0,0,0,3,5,71692216,-1,0,0,0,0,0,0,0,0,0,0,0,0,0,0,0,0,0,0,0,0,0,0,0,0,0,0,0,0,0,5906,0,204,0,0,0,0,0,0,0,0,0,0,0,0,0,0,0,0,0
2026-09-28T15:16:50Z,161,0,0,0,0,0,5111044,1467,1965155,0,0,0,0,0,0,6128,0,0,0,0,0,0,0,105,5,0,40,1,5,2926,0,0,0,0,0, ,0,0,0,0,0,0,0,0,0,0,943,1,369,0,0,0,0,0,0,0,0,0,0,0,0,0,0,0,0,0,0,0,0,0,0,0,0,0,0,0,0,0,0,0,0,0,0,0,1790607530214,3145728,0,0,0,0,0,0,0,0,0,0,0,3,0,0,0,0,0,0,0,0,0,0,0,0,0,0,0,0,0,0,0,0,0,0,0,3,6,30270088,-1,0,0,0,0,0,0,0,0,0,0,0,0,0,0,0,0,0,0,0,0,0,0,0,0,0,0,0,0,0,5902,0,224,0,0,0,0,0,0,0,0,0,0,0,0,0,0,0,0,0
2026-09-28T15:17:50Z,161,0,0,0,0,0,5168068,1467,2022179,0,0,0,0,0,0,6366,0,0,0,0,0,0,0,107,5,0,39,1,5,3119,0,0,0,0,0, ,0,0,0,0,0,0,0,0,0,0,943,1,369,0,0,0,0,0,0,0,0,0,0,0,0,0,0,0,0,0,0,0,0,0,0,0,0,0,0,0,0,0,0,0,0,0,0,0,1790607530214,3145728,0,0,0,0,0,0,0,0,0,0,0,3,0,0,0,0,0,0,0,0,0,0,0,0,0,0,0,0,0,0,0,0,0,0,0,2,3,151278616,-1,0,0,0,0,0,0,0,0,0,0,0,0,1,0,50,0,2,0,100,0,0,0,0,0,0,0,0,0,0,6083,0,270,0,0,0,0,0,0,0,0,0,0,0,0,0,0,0,0,0
2026-09-28T15:18:50Z,161,0,0,0,0,0,5284852,1467,2138963,0,0,0,0,0,0,6792,0,0,0,0,0,0,0,111,5,0,39,1,5,3074,0,0,0,0,0, ,0,0,0,0,0,0,0,0,0,0,943,1,369,0,0,0,0,0,0,0,0,0,0,0,0,0,0,0,0,0,0,0,0,0,0,0,0,0,0,0,0,0,0,0,0,0,0,0,1790607530214,3145728,0,0,0,0,0,0,0,0,0,0,0,3,0,0,0,0,0,0,0,0,0,0,0,0,0,0,0,0,0,0,0,0,0,0,0,3,5,132788512,-1,0,0,0,0,0,0,0,0,0,0,0,0,0,0,0,0,0,0,0,0,0,0,0,0,0,0,0,0,0,6294,0,494,0,0,0,0,0,0,0,0,0,0,0,0,0,0,0,0,0
2026-09-28T15:19:50Z,161,0,0,0,0,0,5316996,1467,2171107,0,0,0,0,0,0,5549,0,0,0,0,0,0,0,112,5,0,39,1,5,2658,0,0,0,0,0, ,0,0,0,0,0,0,0,0,0,0,943,1,369,0,0,0,0,0,0,0,0,0,0,0,0,0,0,0,0,0,0,0,0,0,0,0,0,0,0,0,0,0,0,0,0,0,0,0,1790607530214,3145728,0,0,0,0,0,0,0,0,0,0,0,3,0,0,0,0,0,0,0,0,0,0,0,0,0,0,0,0,0,0,0,0,0,0,0,3,5,46686120,-1,0,0,0,0,0,0,0,0,0,0,0,0,0,0,0,0,0,0,0,0,0,0,0,0,0,0,0,0,0,5418,0,130,0,0,0,0,0,0,0,0,0,0,0,0,0,0,0,0,0
2026-09-28T15:20:50Z,161,0,0,0,0,0,5344436,1467,2198547,0,0,0,0,0,0,5782,0,0,0,0,0,0,0,113,5,0,39,1,5,2663,0,0,0,0,0, ,0,0,0,0,0,0,0,0,0,0,943,1,369,0,0,0,0,0,0,0,0,0,0,0,0,0,0,0,0,0,0,0,0,0,0,0,0,0,0,0,0,0,0,0,0,0,0,0,1790607530214,3145728,0,0,0,0,0,0,0,0,0,0,0,3,0,0,0,0,0,0,0,0,0,0,0,0,0,0,0,0,0,0,0,0,0,0,0,2,5,104519552,-1,0,0,0,0,0,0,0,0,0,0,0,0,0,0,0,0,0,0,0,0,0,0,0,0,0,0,0,0,0,5671,0,110,0,0,0,0,0,0,0,0,0,0,0,0,0,0,0,0,0
2026-09-28T15:21:50Z,161,0,0,0,0,0,5398532,1467,2252643,0,0,0,0,0,0,6401,0,0,0,0,0,0,0,116,5,0,39,1,5,2951,0,0,0,0,0, ,0,0,0,0,0,0,0,0,0,0,943,1,369,0,0,0,0,0,0,0,0,0,0,0,0,0,0,0,0,0,0,0,0,0,0,0,0,0,0,0,0,0,0,0,0,0,0,0,1790607530214,3145728,0,0,0,0,0,0,0,0,0,0,0,3,0,0,0,0,0,0,0,0,0,0,0,0,0,0,0,0,0,0,0,0,0,0,0,3,5,62094360,-1,0,0,0,0,0,0,0,0,0,0,0,0,0,0,50,0,2,0,100,0,0,0,0,0,0,0,0,0,0,6074,0,320,0,0,0,0,0,0,0,0,0,0,0,0,0,0,0,0,0
2026-09-28T15:22:50Z,161,0,0,0,0,0,5435804,1467,2289915,0,0,0,0,0,0,5733,0,0,0,0,0,0,0,117,5,0,39,1,5,2578,0,0,0,0,0, ,0,0,0,0,0,0,0,0,0,0,943,1,369,0,0,0,0,0,0,0,0,0,0,0,0,0,0,0,0,0,0,0,0,0,0,0,0,0,0,0,0,0,0,0,0,0,0,0,1790607530214,3145728,0,0,0,0,0,0,0,0,0,0,0,3,0,0,0,0,0,0,0,0,0,0,0,0,0,0,0,0,0,0,0,0,0,0,0,2,3,139827360,-1,0,0,0,0,0,0,0,0,0,0,0,0,0,0,0,0,0,0,0,0,0,0,0,0,0,0,0,0,0,5564,0,168,0,0,0,0,0,0,0,0,0,0,0,0,0,0,0,0,0
2026-09-28T15:23:50Z,161,0,0,0,0,0,5449092,1467,2303203,0,0,0,0,0,0,5565,0,0,0,0,0,0,0,116,5,0,38,1,5,2699,0,0,0,0,0, ,0,0,0,0,0,0,0,0,0,0,943,1,369,0,0,0,0,0,0,0,0,0,0,0,0,0,0,0,0,0,0,0,0,0,0,0,0,0,0,0,0,0,0,0,0,0,0,0,1790607530214,3145728,0,0,0,0,0,0,0,0,0,0,0,3,0,0,0,0,0,0,0,0,0,0,0,0,0,0,0,0,0,0,0,0,0,0,0,2,4,166767456,-1,0,0,0,0,0,0,0,0,0,0,0,0,1,0,100,0,4,0,200,0,0,0,0,0,0,0,0,0,0,5403,0,148,0,0,0,0,0,0,0,0,0,0,0,0,0,0,0,0,0
2026-09-28T15:24:50Z,161,0,0,0,0,0,5445460,1467,2299571,0,0,0,0,0,0,5577,0,0,0,0,0,0,0,115,5,0,36,1,5,2721,0,0,0,0,0, ,0,0,0,0,0,0,0,0,0,0,943,1,369,0,0,0,0,0,0,0,0,0,0,0,0,0,0,0,0,0,0,0,0,0,0,0,0,0,0,0,0,0,0,0,0,0,0,0,1790607530214,3145728,0,0,0,0,0,0,0,0,0,0,0,3,0,0,0,0,0,0,0,0,0,0,0,0,0,0,0,0,0,0,0,0,0,0,0,2,4,170661312,-1,0,0,0,0,0,0,0,0,0,0,0,0,2,0,100,0,4,0,200,0,0,0,0,0,0,0,0,0,0,5444,0,112,0,0,0,0,0,0,0,0,0,0,0,0,0,0,0,0,0
2026-09-28T15:25:50Z,161,0,0,0,0,0,5480644,1467,2334755,0,0,0,0,0,0,5868,0,0,0,0,0,0,0,115,5,0,36,1,5,2740,0,0,0,0,0, ,0,0,0,0,0,0,0,0,0,0,943,1,369,0,0,0,0,0,0,0,0,0,0,0,0,0,0,0,0,0,0,0,0,0,0,0,0,0,0,0,0,0,0,0,0,0,0,0,1790607530214,3145728,0,0,0,0,0,0,0,0,0,0,0,3,0,0,0,0,0,0,0,0,0,0,0,0,0,0,0,0,0,0,0,0,0,0,0,3,5,116374640,-1,0,0,0,0,0,0,0,0,0,0,0,0,0,0,0,0,0,0,0,0,0,0,0,0,0,0,0,0,0,5724,0,144,0,0,0,0,0,0,0,0,0,0,0,0,0,0,0,0,0
2026-09-28T15:26:50Z,161,0,0,0,0,0,5512820,1467,2366931,0,0,0,0,0,0,5722,0,0,0,0,0,0,0,117,5,0,36,1,5,2654,0,0,0,0,0, ,0,0,0,0,0,0,0,0,0,0,943,1,369,0,0,0,0,0,0,0,0,0,0,0,0,0,0,0,0,0,0,0,0,0,0,0,0,0,0,0,0,0,0,0,0,0,0,0,1790607530214,3145728,0,0,0,0,0,0,0,0,0,0,0,3,0,0,0,0,0,0,0,0,0,0,0,0,0,0,0,0,0,0,0,0,0,0,0,2,4,135385144,-1,0,0,0,0,0,0,0,0,0,0,0,0,0,0,0,0,0,0,0,0,0,0,0,0,0,0,0,0,0,5608,0,112,0,0,0,0,0,0,0,0,0,0,0,0,0,0,0,0,0
2026-09-28T15:27:50Z,161,0,0,0,0,0,5540852,1467,2394963,0,0,0,0,0,0,5920,0,0,0,0,0,0,0,117,5,0,36,1,5,2785,0,0,0,0,0, ,0,0,0,0,0,0,0,0,0,0,943,1,369,0,0,0,0,0,0,0,0,0,0,0,0,0,0,0,0,0,0,0,0,0,0,0,0,0,0,0,0,0,0,0,0,0,0,0,1790607530214,3145728,0,0,0,0,0,0,0,0,0,0,0,3,0,0,0,0,0,0,0,0,0,0,0,0,0,0,0,0,0,0,0,0,0,0,0,3,6,49192992,-1,0,0,0,0,0,0,0,0,0,0,0,0,0,0,0,0,0,0,0,0,0,0,0,0,0,0,0,0,0,5818,0,102,0,0,0,0,0,0,0,0,0,0,0,0,0,0,0,0,0
2026-09-28T15:28:50Z,161,0,0,0,0,0,5594604,1467,2448715,0,0,0,0,0,0,6179,0,0,0,0,0,0,0,119,5,0,36,1,5,2880,0,0,0,0,0, ,0,0,0,0,0,0,0,0,0,0,943,1,369,0,0,0,0,0,0,0,0,0,0,0,0,0,0,0,0,0,0,0,0,0,0,0,0,0,0,0,0,0,0,0,0,0,0,0,1790607530214,3145728,0,0,0,0,0,0,0,0,0,0,0,3,0,0,0,0,0,0,0,0,0,0,0,0,0,0,0,0,0,0,0,0,0,0,0,2,3,171365456,-1,0,0,0,0,0,0,0,0,0,0,0,0,0,0,0,0,0,0,0,0,0,0,0,0,0,0,0,0,0,5967,0,210,0,0,0,0,0,0,0,0,0,0,0,0,0,0,0,0,0
2026-09-28T15:29:50Z,161,0,0,0,0,0,5637388,1467,2491499,0,0,0,0,0,0,5564,0,0,0,0,0,0,0,120,5,0,36,1,5,2658,0,0,0,0,0, ,0,0,0,0,0,0,0,0,0,0,943,1,369,0,0,0,0,0,0,0,0,0,0,0,0,0,0,0,0,0,0,0,0,0,0,0,0,0,0,0,0,0,0,0,0,0,0,0,1790607530214,3145728,0,0,0,0,0,0,0,0,0,0,0,3,0,0,0,0,0,0,0,0,0,0,0,0,0,0,0,0,0,0,0,0,0,0,0,3,5,76651440,-1,0,0,0,0,0,0,0,0,0,0,0,0,0,0,0,0,0,0,0,0,0,0,0,0,0,0,0,0,0,5381,0,182,0,0,0,0,0,0,0,0,0,0,0,0,0,0,0,0,0
2026-09-28T15:30:50Z,161,0,0,0,0,0,5673684,1467,2527795,0,0,0,0,0,0,6486,0,0,0,0,0,0,0,120,5,0,35,1,5,3185,0,0,0,0,0, ,0,0,0,0,0,0,0,0,0,0,943,1,369,0,0,0,0,0,0,0,0,0,0,0,0,0,0,0,0,0,0,0,0,0,0,0,0,0,0,0,0,0,0,0,0,0,0,0,1790607530214,3145728,0,0,0,0,0,0,0,0,0,0,0,3,0,0,0,0,0,0,0,0,0,0,0,0,0,0,0,0,0,0,0,0,0,0,0,3,6,75108208,-1,0,0,0,0,0,0,0,0,0,0,0,0,1,0,50,0,2,0,100,0,0,0,0,0,0,0,0,0,0,6279,0,196,0,0,0,0,0,0,0,0,0,0,0,0,0,0,0,0,0
2026-09-28T15:31:50Z,161,0,0,0,0,0,5722596,1467,2576707,0,0,0,0,0,0,5265,0,0,0,0,0,0,0,121,5,0,35,1,5,2395,0,0,0,0,0, ,0,0,0,0,0,0,0,0,0,0,943,1,369,0,0,0,0,0,0,0,0,0,0,0,0,0,0,0,0,0,0,0,0,0,0,0,0,0,0,0,0,0,0,0,0,0,0,0,1790607530214,3145728,0,0,0,0,0,0,0,0,0,0,0,3,0,0,0,0,0,0,0,0,0,0,0,0,0,0,0,0,0,0,0,0,0,0,0,2,2,101928816,-1,0,0,0,0,0,0,0,0,0,0,0,0,0,0,0,0,0,0,0,0,0,0,0,0,0,0,0,0,0,5066,0,198,0,0,0,0,0,0,0,0,0,0,0,0,0,0,0,0,0
2026-09-28T15:32:50Z,161,0,0,0,0,0,5762412,1467,2616523,0,0,0,0,0,0,5325,0,0,0,0,0,0,0,122,5,0,35,1,5,2394,0,0,0,0,0, ,0,0,0,0,0,0,0,0,0,0,943,1,369,0,0,0,0,0,0,0,0,0,0,0,0,0,0,0,0,0,0,0,0,0,0,0,0,0,0,0,0,0,0,0,0,0,0,0,1790607530214,3145728,0,0,0,0,0,0,0,0,0,0,0,3,0,0,0,0,0,0,0,0,0,0,0,0,0,0,0,0,0,0,0,0,0,0,0,2,4,173503528,-1,0,0,0,0,0,0,0,0,0,0,0,0,0,0,0,0,0,0,0,0,0,0,0,0,0,0,0,0,0,5158,0,166,0,0,0,0,0,0,0,0,0,0,0,0,0,0,0,0,0
2026-09-28T15:33:50Z,161,0,0,0,0,0,5814244,1467,2668355,0,0,0,0,0,0,5820,0,0,0,0,0,0,0,126,5,0,35,1,5,2642,0,0,0,0,0, ,0,0,0,0,0,0,0,0,0,0,943,1,369,0,0,0,0,0,0,0,0,0,0,0,0,0,0,0,0,0,0,0,0,0,0,0,0,0,0,0,0,0,0,0,0,0,0,0,1790607530214,3145728,0,0,0,0,0,0,0,0,0,0,0,3,0,0,0,0,0,0,0,0,0,0,0,0,0,0,0,0,0,0,0,0,0,0,0,3,5,67601768,-1,0,0,0,0,0,0,0,0,0,0,0,0,0,0,0,0,0,0,0,0,0,0,0,0,0,0,0,0,0,5642,0,174,0,0,0,0,0,0,0,0,0,0,0,0,0,0,0,0,0
2026-09-28T15:34:51Z,161,0,0,0,0,0,5893324,1467,2747435,0,0,0,0,0,0,6564,0,0,0,0,0,0,0,130,5,0,35,1,5,2871,0,0,0,0,0, ,0,0,0,0,0,0,0,0,0,0,943,1,369,0,0,0,0,0,0,0,0,0,0,0,0,0,0,0,0,0,0,0,0,0,0,0,0,0,0,0,0,0,0,0,0,0,0,0,1790607530214,3145728,0,0,0,0,0,0,0,0,0,0,0,3,0,0,0,0,0,0,0,0,0,0,0,0,0,0,0,0,0,0,0,0,0,0,0,3,5,42388096,-1,0,0,0,0,0,0,0,0,0,0,0,0,0,0,0,0,0,0,0,0,0,0,0,0,0,0,0,0,0,6236,0,324,0,0,0,0,0,0,0,0,0,0,0,0,0,0,0,0,0
2026-09-28T15:35:51Z,161,0,0,0,0,0,6111028,1467,2965139,0,0,0,0,0,0,7189,0,0,0,0,0,0,0,141,5,0,35,1,5,2650,0,0,0,0,0, ,0,0,0,0,0,0,0,0,0,0,943,1,369,0,0,0,0,0,0,0,0,0,0,0,0,0,0,0,0,0,0,0,0,0,0,0,0,0,0,0,0,0,0,0,0,0,0,0,1790607530214,3145728,0,0,0,0,0,0,0,0,0,0,0,3,0,0,0,0,0,0,0,0,0,0,0,0,0,0,0,0,0,0,0,0,0,0,0,2,3,140348640,-1,0,0,0,0,0,0,0,0,0,0,0,0,0,0,0,0,0,0,0,0,0,0,0,0,0,0,0,0,0,6308,0,870,0,0,0,0,0,0,0,0,0,0,0,0,0,0,0,0,0
2026-09-28T15:36:51Z,161,0,0,0,0,0,6150748,1467,3004859,0,0,0,0,0,0,6670,0,0,0,0,0,0,0,142,5,0,33,1,5,3392,0,0,0,0,0, ,0,0,0,0,0,0,0,0,0,0,943,1,369,0,0,0,0,0,0,0,0,0,0,0,0,0,0,0,0,0,0,0,0,0,0,0,0,0,0,0,0,0,0,0,0,0,0,0,1790607530214,3145728,0,0,0,0,0,0,0,0,0,0,0,3,0,0,0,0,0,0,0,0,0,0,0,0,0,0,0,0,0,0,0,0,0,0,0,3,6,122123888,-1,0,0,0,0,0,0,0,0,0,0,0,0,2,0,150,0,6,0,300,0,0,0,0,0,0,0,0,0,0,6297,0,346,0,0,0,0,0,0,0,0,0,0,0,0,0,0,0,0,0
2026-09-28T15:37:51Z,161,0,0,0,0,0,6212116,1467,3066227,0,0,0,0,0,0,5700,0,0,0,0,0,0,0,144,5,0,31,1,5,2669,0,0,0,0,0, ,0,0,0,0,0,0,0,0,0,0,943,1,369,0,0,0,0,0,0,0,0,0,0,0,0,0,0,0,0,0,0,0,0,0,0,0,0,0,0,0,0,0,0,0,0,0,0,0,1790607530214,3145728,0,0,0,0,0,0,0,0,0,0,0,3,0,0,0,0,0,0,0,0,0,0,0,0,0,0,0,0,0,0,0,0,0,0,0,3,5,57248352,-1,0,0,0,0,0,0,0,0,0,0,0,0,2,0,100,0,4,0,200,0,0,0,0,0,0,0,0,0,0,5300,0,376,0,0,0,0,0,0,0,0,0,0,0,0,0,0,0,0,0
2026-09-28T15:38:51Z,161,0,0,0,0,0,6265084,1467,3119195,0,0,0,0,0,0,5263,0,0,0,0,0,0,0,147,5,0,31,1,5,2408,0,0,0,0,0, ,0,0,0,0,0,0,0,0,0,0,943,1,369,0,0,0,0,0,0,0,0,0,0,0,0,0,0,0,0,0,0,0,0,0,0,0,0,0,0,0,0,0,0,0,0,0,0,0,1790607530214,3145728,0,0,0,0,0,0,0,0,0,0,0,3,0,0,0,0,0,0,0,0,0,0,0,0,0,0,0,0,0,0,0,0,0,0,0,2,4,73462352,-1,0,0,0,0,0,0,0,0,0,0,0,0,0,0,0,0,0,0,0,0,0,0,0,0,0,0,0,0,0,5058,0,202,0,0,0,0,0,0,0,0,0,0,0,0,0,0,0,0,0
2026-09-28T15:39:51Z,161,0,0,0,0,0,6365812,1467,3219923,0,0,0,0,0,0,6279,0,0,0,0,0,0,0,152,5,0,31,1,5,2734,0,0,0,0,0, ,0,0,0,0,0,0,0,0,0,0,943,1,369,0,0,0,0,0,0,0,0,0,0,0,0,0,0,0,0,0,0,0,0,0,0,0,0,0,0,0,0,0,0,0,0,0,0,0,1790607530214,3145728,0,0,0,0,0,0,0,0,0,0,0,3,0,0,0,0,0,0,0,0,0,0,0,0,0,0,0,0,0,0,0,0,0,0,0,2,4,151827304,-1,0,0,0,0,0,0,0,0,0,0,0,0,0,0,0,0,0,0,0,0,0,0,0,0,0,0,0,0,0,5844,0,430,0,0,0,0,0,0,0,0,0,0,0,0,0,0,0,0,0
2026-09-28T15:40:51Z,161,0,0,0,0,0,6456172,1467,3310283,0,0,0,0,0,0,5916,0,0,0,0,0,0,0,153,5,0,31,1,5,2530,0,0,0,0,0, ,0,0,0,0,0,0,0,0,0,0,943,1,369,0,0,0,0,0,0,0,0,0,0,0,0,0,0,0,0,0,0,0,0,0,0,0,0,0,0,0,0,0,0,0,0,0,0,0,1790607530214,3145728,0,0,0,0,0,0,0,0,0,0,0,3,0,0,0,0,0,0,0,0,0,0,0,0,0,0,0,0,0,0,0,0,0,0,0,3,5,78532920,-1,0,0,0,0,0,0,0,0,0,0,0,0,0,0,0,0,0,0,0,0,0,0,0,0,0,0,0,0,0,5491,0,424,0,0,0,0,0,0,0,0,0,0,0,0,0,0,0,0,0
2026-09-28T15:41:51Z,161,0,0,0,0,0,6541572,1467,3395683,0,0,0,0,0,0,6078,0,0,0,0,0,0,0,159,5,0,31,1,5,2769,0,0,0,0,0, ,0,0,0,0,0,0,0,0,0,0,943,1,369,0,0,0,0,0,0,0,0,0,0,0,0,0,0,0,0,0,0,0,0,0,0,0,0,0,0,0,0,0,0,0,0,0,0,0,1790607530214,3145728,0,0,0,0,0,0,0,0,0,0,0,3,0,0,0,0,0,0,0,0,0,0,0,0,0,0,0,0,0,0,0,0,0,0,0,2,3,105625544,-1,0,0,0,0,0,0,0,0,0,0,0,0,0,0,50,0,2,0,100,0,0,0,0,0,0,0,0,0,0,5710,0,358,0,0,0,0,0,0,0,0,0,0,0,0,0,0,0,0,0
2026-09-28T15:42:51Z,161,0,0,0,0,0,6630540,1467,3484651,0,0,0,0,0,0,5602,0,0,0,0,0,0,0,162,5,0,31,1,5,2580,0,0,0,0,0, ,0,0,0,0,0,0,0,0,0,0,943,1,369,0,0,0,0,0,0,0,0,0,0,0,0,0,0,0,0,0,0,0,0,0,0,0,0,0,0,0,0,0,0,0,0,0,0,0,1790607530214,3145728,0,0,0,0,0,0,0,0,0,0,0,3,0,0,0,0,0,0,0,0,0,0,0,0,0,0,0,0,0,0,0,0,0,0,0,3,5,51063832,-1,0,0,0,0,0,0,0,0,0,0,0,0,0,0,0,0,0,0,0,0,0,0,0,0,0,0,0,0,0,5261,0,338,0,0,0,0,0,0,0,0,0,0,0,0,0,0,0,0,0
2026-09-28T15:43:51Z,161,0,0,0,0,0,6729172,1467,3583283,0,0,0,0,0,0,6122,0,0,0,0,0,0,0,165,5,0,30,1,5,2837,0,0,0,0,0, ,0,0,0,0,0,0,0,0,0,0,943,1,369,0,0,0,0,0,0,0,0,0,0,0,0,0,0,0,0,0,0,0,0,0,0,0,0,0,0,0,0,0,0,0,0,0,0,0,1790607530214,3145728,0,0,0,0,0,0,0,0,0,0,0,3,0,0,0,0,0,0,0,0,0,0,0,0,0,0,0,0,0,0,0,0,0,0,0,2,4,122447872,-1,0,0,0,0,0,0,0,0,0,0,0,0,1,0,50,0,2,0,100,0,0,0,0,0,0,0,0,0,0,5664,0,444,0,0,0,0,0,0,0,0,0,0,0,0,0,0,0,0,0
2026-09-28T15:44:51Z,161,0,0,0,0,0,6786268,1467,3640379,0,0,0,0,0,0,6175,0,0,0,0,0,0,0,169,5,0,30,1,5,2992,0,0,0,0,0, ,0,0,0,0,0,0,0,0,0,0,943,1,369,0,0,0,0,0,0,0,0,0,0,0,0,0,0,0,0,0,0,0,0,0,0,0,0,0,0,0,0,0,0,0,0,0,0,0,1790607530214,3145728,0,0,0,0,0,0,0,0,0,0,0,3,0,0,0,0,0,0,0,0,0,0,0,0,0,0,0,0,0,0,0,0,0,0,0,3,4,110095040,-1,0,0,0,0,0,0,0,0,0,0,0,0,0,0,0,0,0,0,0,0,0,0,0,0,0,0,0,0,0,5951,0,220,0,0,0,0,0,0,0,0,0,0,0,0,0,0,0,0,0
2026-09-28T15:45:51Z,161,0,0,0,0,0,6826332,1467,3680443,0,0,0,0,0,0,6098,0,0,0,0,0,0,0,171,5,0,30,1,5,2794,0,0,0,0,0, ,0,0,0,0,0,0,0,0,0,0,943,1,369,0,0,0,0,0,0,0,0,0,0,0,0,0,0,0,0,0,0,0,0,0,0,0,0,0,0,0,0,0,0,0,0,0,0,0,1790607530214,3145728,0,0,0,0,0,0,0,0,0,0,0,3,0,0,0,0,0,0,0,0,0,0,0,0,0,0,0,0,0,0,0,0,0,0,0,3,4,72791448,-1,0,0,0,0,0,0,0,0,0,0,0,0,0,0,0,0,0,0,0,0,0,0,0,0,0,0,0,0,0,5950,0,146,0,0,0,0,0,0,0,0,0,0,0,0,0,0,0,0,0
2026-09-28T15:46:51Z,161,0,0,0,0,0,6926588,1467,3780699,0,0,0,0,0,0,6315,0,0,0,0,0,0,0,175,5,0,30,1,5,2857,0,0,0,0,0, ,0,0,0,0,0,0,0,0,0,0,943,1,369,0,0,0,0,0,0,0,0,0,0,0,0,0,0,0,0,0,0,0,0,0,0,0,0,0,0,0,0,0,0,0,0,0,0,0,1790607530214,3145728,0,0,0,0,0,0,0,0,0,0,0,3,0,0,0,0,0,0,0,0,0,0,0,0,0,0,0,0,0,0,0,0,0,0,0,3,6,117023872,-1,0,0,0,0,0,0,0,0,0,0,0,0,0,0,0,0,0,0,0,0,0,0,0,0,0,0,0,0,0,5933,0,378,0,0,0,0,0,0,0,0,0,0,0,0,0,0,0,0,0
2026-09-28T15:47:51Z,161,0,0,0,0,0,6975404,1467,3829515,0,0,0,0,0,0,6369,0,0,0,0,0,0,0,177,5,0,30,1,5,3034,0,0,0,0,0, ,0,0,0,0,0,0,0,0,0,0,943,1,369,0,0,0,0,0,0,0,0,0,0,0,0,0,0,0,0,0,0,0,0,0,0,0,0,0,0,0,0,0,0,0,0,0,0,0,1790607530214,3145728,0,0,0,0,0,0,0,0,0,0,0,3,0,0,0,0,0,0,0,0,0,0,0,0,0,0,0,0,0,0,0,0,0,0,0,3,5,102811368,-1,0,0,0,0,0,0,0,0,0,0,0,0,0,0,0,0,0,0,0,0,0,0,0,0,0,0,0,0,0,6175,0,192,0,0,0,0,0,0,0,0,0,0,0,0,0,0,0,0,0
2026-09-28T15:48:51Z,161,0,0,0,0,0,7000764,1467,3854875,0,0,0,0,0,0,5952,0,0,0,0,0,0,0,176,5,0,29,1,5,2956,0,0,0,0,0, ,0,0,0,0,0,0,0,0,0,0,943,1,369,0,0,0,0,0,0,0,0,0,0,0,0,0,0,0,0,0,0,0,0,0,0,0,0,0,0,0,0,0,0,0,0,0,0,0,1790607530214,3145728,0,0,0,0,0,0,0,0,0,0,0,3,0,0,0,0,0,0,0,0,0,0,0,0,0,0,0,0,0,0,0,0,0,0,0,3,5,40405744,-1,0,0,0,0,0,0,0,0,0,0,0,0,1,0,50,0,2,0,100,0,0,0,0,0,0,0,0,0,0,5778,0,164,0,0,0,0,0,0,0,0,0,0,0,0,0,0,0,0,0
2026-09-28T15:49:51Z,161,0,0,0,0,0,7020900,1467,3875011,0,0,0,0,0,0,6269,0,0,0,0,0,0,0,176,5,0,28,1,5,3184,0,0,0,0,0, ,0,0,0,0,0,0,0,0,0,0,943,1,369,0,0,0,0,0,0,0,0,0,0,0,0,0,0,0,0,0,0,0,0,0,0,0,0,0,0,0,0,0,0,0,0,0,0,0,1790607530214,3145728,0,0,0,0,0,0,0,0,0,0,0,3,0,0,0,0,0,0,0,0,0,0,0,0,0,0,0,0,0,0,0,0,0,0,0,2,3,176917424,-1,0,0,0,0,0,0,0,0,0,0,1,0,1,0,100,0,4,0,200,0,0,0,0,0,0,0,0,0,0,6074,0,178,0,0,0,0,0,0,0,0,0,0,0,0,0,0,0,0,0
2026-09-28T15:50:51Z,161,0,0,0,0,0,7057868,1467,3911979,0,0,0,0,0,0,5547,0,0,0,0,0,0,0,177,5,0,27,1,5,2665,0,0,0,0,0, ,0,0,0,0,0,0,0,0,0,0,943,1,369,0,0,0,0,0,0,0,0,0,0,0,0,0,0,0,0,0,0,0,0,0,0,0,0,0,0,0,0,0,0,0,0,0,0,0,1790607530214,3145728,0,0,0,0,0,0,0,0,0,0,0,3,0,0,0,0,0,0,0,0,0,0,0,0,0,0,0,0,0,0,0,0,0,0,0,3,5,103551048,-1,0,0,0,0,0,0,0,0,0,0,0,0,1,0,0,0,0,0,0,0,0,0,0,0,0,0,0,0,0,5378,0,164,0,0,0,0,0,0,0,0,0,0,0,0,0,0,0,0,0
2026-09-28T15:51:51Z,161,0,0,0,0,0,7090852,1467,3944963,0,0,0,0,0,0,5459,0,0,0,0,0,0,0,178,5,0,27,1,5,2598,0,0,0,0,0, ,0,0,0,0,0,0,0,0,0,0,943,1,369,0,0,0,0,0,0,0,0,0,0,0,0,0,0,0,0,0,0,0,0,0,0,0,0,0,0,0,0,0,0,0,0,0,0,0,1790607530214,3145728,0,0,0,0,0,0,0,0,0,0,0,3,0,0,0,0,0,0,0,0,0,0,0,0,0,0,0,0,0,0,0,0,0,0,0,2,3,129977336,-1,0,0,0,0,0,0,0,0,0,0,0,0,0,0,0,0,0,0,0,0,0,0,0,0,0,0,0,0,0,5342,0,116,0,0,0,0,0,0,0,0,0,0,0,0,0,0,0,0,0
2026-09-28T15:52:51Z,161,0,0,0,0,0,7179988,1467,4034099,0,0,0,0,0,0,6479,0,0,0,0,0,0,0,182,5,0,27,1,5,2890,0,0,0,0,0, ,0,0,0,0,0,0,0,0,0,0,943,1,369,0,0,0,0,0,0,0,0,0,0,0,0,0,0,0,0,0,0,0,0,0,0,0,0,0,0,0,0,0,0,0,0,0,0,0,1790607530214,3145728,0,0,0,0,0,0,0,0,0,0,0,3,0,0,0,0,0,0,0,0,0,0,0,0,0,0,0,0,0,0,0,0,0,0,0,3,5,88934128,-1,0,0,0,0,0,0,0,0,0,0,0,0,0,0,0,0,0,0,0,0,0,0,0,0,0,0,0,0,0,6089,0,386,0,0,0,0,0,0,0,0,0,0,0,0,0,0,0,0,0
2026-09-28T15:53:51Z,161,0,0,0,0,0,7368364,1467,4222475,0,0,0,0,0,0,7528,0,0,0,0,0,0,0,188,5,0,27,1,5,3284,0,0,0,0,0, ,0,0,0,0,0,0,0,0,0,0,943,1,369,0,0,0,0,0,0,0,0,0,0,0,0,0,0,0,0,0,0,0,0,0,0,0,0,0,0,0,0,0,0,0,0,0,0,0,1790607530214,3145728,0,0,0,0,0,0,0,0,0,0,0,3,0,0,0,0,0,0,0,0,0,0,0,0,0,0,0,0,0,0,0,0,0,0,0,3,6,112695464,-1,0,0,0,0,0,0,0,0,0,0,0,0,0,0,50,0,2,0,100,0,0,0,0,0,0,0,0,0,0,6756,0,762,0,0,0,0,0,0,0,0,0,0,0,0,0,0,0,0,0
2026-09-28T15:54:51Z,161,0,0,0,0,0,7440852,1467,4294963,0,0,0,0,0,0,6049,0,0,0,0,0,0,0,190,5,0,27,1,5,2625,0,0,0,0,0, ,0,0,0,0,0,0,0,0,0,0,943,1,369,0,0,0,0,0,0,0,0,0,0,0,0,0,0,0,0,0,0,0,0,0,0,0,0,0,0,0,0,0,0,0,0,0,0,0,1790607530214,3145728,0,0,0,0,0,0,0,0,0,0,0,3,0,0,0,0,0,0,0,0,0,0,0,0,0,0,0,0,0,0,0,0,0,0,0,3,5,102898152,-1,0,0,0,0,0,0,0,0,0,0,0,0,0,0,0,0,0,0,0,0,0,0,0,0,0,0,0,0,0,5727,0,320,0,0,0,0,0,0,0,0,0,0,0,0,0,0,0,0,0
2026-09-28T15:55:51Z,161,0,0,0,0,0,7508812,1467,4362923,0,0,0,0,0,0,6219,0,0,0,0,0,0,0,193,5,0,26,1,5,2770,0,0,0,0,0, ,0,0,0,0,0,0,0,0,0,0,943,1,369,0,0,0,0,0,0,0,0,0,0,0,0,0,0,0,0,0,0,0,0,0,0,0,0,0,0,0,0,0,0,0,0,0,0,0,1790607530214,3145728,0,0,0,0,0,0,0,0,0,0,0,3,0,0,0,0,0,0,0,0,0,0,0,0,0,0,0,0,0,0,0,0,0,0,0,3,5,111780776,-1,0,0,0,0,0,0,0,0,0,0,0,0,1,0,50,0,2,0,100,0,0,0,0,0,0,0,0,0,0,5859,0,346,0,0,0,0,0,0,0,0,0,0,0,0,0,0,0,0,0
2026-09-28T15:56:51Z,161,0,0,0,0,0,7576612,1467,4430723,0,0,0,0,0,0,5895,0,0,0,0,0,0,0,196,5,0,26,1,5,2684,0,0,0,0,0, ,0,0,0,0,0,0,0,0,0,0,943,1,369,0,0,0,0,0,0,0,0,0,0,0,0,0,0,0,0,0,0,0,0,0,0,0,0,0,0,0,0,0,0,0,0,0,0,0,1790607530214,3145728,0,0,0,0,0,0,0,0,0,0,0,3,0,0,0,0,0,0,0,0,0,0,0,0,0,0,0,0,0,0,0,0,0,0,0,3,5,103460456,-1,0,0,0,0,0,0,0,0,0,0,0,0,0,0,0,0,0,0,0,0,0,0,0,0,0,0,0,0,0,5648,0,244,0,0,0,0,0,0,0,0,0,0,0,0,0,0,0,0,0
2026-09-28T15:57:51Z,161,0,0,0,0,0,7714508,1467,4568619,0,0,0,0,0,0,6154,0,0,0,0,0,0,0,201,5,0,26,1,5,2492,0,0,0,0,0, ,0,0,0,0,0,0,0,0,0,0,943,1,369,0,0,0,0,0,0,0,0,0,0,0,0,0,0,0,0,0,0,0,0,0,0,0,0,0,0,0,0,0,0,0,0,0,0,0,1790607530214,3145728,0,0,0,0,0,0,0,0,0,0,0,3,0,0,0,0,0,0,0,0,0,0,0,0,0,0,0,0,0,0,0,0,0,0,0,3,6,71073576,-1,0,0,0,0,0,0,0,0,0,0,0,0,0,0,0,0,0,0,0,0,0,0,0,0,0,0,0,0,0,5612,0,537,0,0,0,0,0,0,0,0,0,0,0,0,0,0,0,0,0
2026-09-28T15:58:51Z,161,0,0,0,0,0,7742548,1467,4596659,0,0,0,0,0,0,6039,0,0,0,0,0,0,0,203,5,0,26,1,5,2708,0,0,0,0,0, ,0,0,0,0,0,0,0,0,0,0,943,1,369,0,0,0,0,0,0,0,0,0,0,0,0,0,0,0,0,0,0,0,0,0,0,0,0,0,0,0,0,0,0,0,0,0,0,0,1790607530214,3145728,0,0,0,0,0,0,0,0,0,0,0,3,0,0,0,0,0,0,0,0,0,0,0,0,0,0,0,0,0,0,0,0,0,0,0,2,3,152076888,-1,0,0,0,0,0,0,0,0,0,0,0,0,0,0,0,0,0,0,0,0,0,0,0,0,0,0,0,0,0,5878,0,159,0,0,0,0,0,0,0,0,0,0,0,0,0,0,0,0,0
2026-09-28T15:59:51Z,161,0,0,0,0,0,7744092,1467,4598203,0,0,0,0,0,0,4270,0,0,0,0,0,0,0,203,5,0,25,1,5,1921,0,0,0,0,0, ,0,0,0,0,0,0,0,0,0,0,943,1,369,0,0,0,0,0,0,0,0,0,0,0,0,0,0,0,0,0,0,0,0,0,0,0,0,0,0,0,0,0,0,0,0,0,0,0,1790607530214,3145728,0,0,0,0,0,0,0,0,0,0,0,3,0,0,0,0,0,0,0,0,0,0,0,0,0,0,0,0,0,0,0,0,0,0,0,2,4,116387072,-1,0,0,0,0,0,0,0,0,0,0,0,0,1,0,50,0,2,0,100,0,0,0,0,0,0,0,0,0,0,4185,0,74,0,0,0,0,0,0,0,0,0,0,0,0,0,0,0,0,0
2026-09-28T16:00:51Z,161,0,0,0,0,0,7752796,1467,4606907,0,0,0,0,0,0,5509,0,0,0,0,0,0,0,203,5,0,25,1,5,2530,0,0,0,0,0, ,0,0,0,0,0,0,0,0,0,0,943,1,369,0,0,0,0,0,0,0,0,0,0,0,0,0,0,0,0,0,0,0,0,0,0,0,0,0,0,0,0,0,0,0,0,0,0,0,1790607530214,3145728,0,0,0,0,0,0,0,0,0,0,0,3,0,0,0,0,0,0,0,0,0,0,0,0,0,0,0,0,0,0,0,0,0,0,0,2,3,122825552,-1,0,0,0,0,0,0,0,0,0,0,0,0,0,0,0,0,0,0,0,0,0,0,0,0,0,0,0,0,0,5458,0,51,0,0,0,0,0,0,0,0,0,0,0,0,0,0,0,0,0
2026-09-28T16:01:51Z,161,0,0,0,0,0,7745084,1467,4599195,0,0,0,0,0,0,5263,0,0,0,0,0,0,0,203,5,0,24,1,5,2559,0,0,0,0,0, ,0,0,0,0,0,0,0,0,0,0,943,1,369,0,0,0,0,0,0,0,0,0,0,0,0,0,0,0,0,0,0,0,0,0,0,0,0,0,0,0,0,0,0,0,0,0,0,0,1790607530214,3145728,0,0,0,0,0,0,0,0,0,0,0,3,0,0,0,0,0,0,0,0,0,0,0,0,0,0,0,0,0,0,0,0,0,0,0,2,3,172614176,-1,0,0,0,0,0,0,0,0,0,0,0,0,1,0,100,0,4,0,200,0,0,0,0,0,0,0,0,0,0,5170,0,78,0,0,0,0,0,0,0,0,0,0,0,0,0,0,0,0,0
2026-09-28T16:02:51Z,161,0,0,0,0,0,7722844,1467,4576955,0,0,0,0,0,0,5869,0,0,0,0,0,0,0,201,5,0,22,1,5,2769,0,0,0,0,0, ,0,0,0,0,0,0,0,0,0,0,943,1,369,0,0,0,0,0,0,0,0,0,0,0,0,0,0,0,0,0,0,0,0,0,0,0,0,0,0,0,0,0,0,0,0,0,0,0,1790607530214,3145728,0,0,0,0,0,0,0,0,0,0,0,3,0,0,0,0,0,0,0,0,0,0,0,0,0,0,0,0,0,0,0,0,0,0,0,2,4,162886848,-1,0,0,0,0,0,0,0,0,0,0,0,0,2,0,100,0,4,0,200,0,0,0,0,0,0,0,0,0,0,5782,0,67,0,0,0,0,0,0,0,0,0,0,0,0,0,0,0,0,0
2026-09-28T16:03:51Z,161,0,0,0,0,0,7751820,1467,4605931,0,0,0,0,0,0,6295,0,0,0,0,0,0,0,202,5,0,22,1,5,2787,0,0,0,0,0, ,0,0,0,0,0,0,0,0,0,0,943,1,369,0,0,0,0,0,0,0,0,0,0,0,0,0,0,0,0,0,0,0,0,0,0,0,0,0,0,0,0,0,0,0,0,0,0,0,1790607530214,3145728,0,0,0,0,0,0,0,0,0,0,0,3,0,0,0,0,0,0,0,0,0,0,0,0,0,0,0,0,0,0,0,0,0,0,0,3,4,47753400,-1,0,0,0,0,0,0,0,0,0,0,0,0,0,0,0,0,0,0,0,0,0,0,0,0,0,0,0,0,0,6185,0,109,0,0,0,0,0,0,0,0,0,0,0,0,0,0,0,0,0
2026-09-28T16:04:51Z,161,0,0,0,0,0,7766148,1467,4620259,0,0,0,0,0,0,5897,0,0,0,0,0,0,0,203,5,0,22,1,5,2656,0,0,0,0,0, ,0,0,0,0,0,0,0,0,0,0,943,1,369,0,0,0,0,0,0,0,0,0,0,0,0,0,0,0,0,0,0,0,0,0,0,0,0,0,0,0,0,0,0,0,0,0,0,0,1790607530214,3145728,0,0,0,0,0,0,0,0,0,0,0,3,0,0,0,0,0,0,0,0,0,0,0,0,0,0,0,0,0,0,0,0,0,0,0,2,4,80833024,-1,0,0,0,0,0,0,0,0,0,0,0,0,0,0,0,0,0,0,0,0,0,0,0,0,0,0,0,0,0,5809,0,87,0,0,0,0,0,0,0,0,0,0,0,0,0,0,0,0,0
2026-09-28T16:05:51Z,161,0,0,0,0,0,7782972,1467,4637083,0,0,0,0,0,0,6203,0,0,0,0,0,0,0,204,5,0,22,1,5,2848,0,0,0,0,0, ,0,0,0,0,0,0,0,0,0,0,943,1,369,0,0,0,0,0,0,0,0,0,0,0,0,0,0,0,0,0,0,0,0,0,0,0,0,0,0,0,0,0,0,0,0,0,0,0,1790607530214,3145728,0,0,0,0,0,0,0,0,0,0,0,3,0,0,0,0,0,0,0,0,0,0,0,0,0,0,0,0,0,0,0,0,0,0,0,2,3,145415536,-1,0,0,0,0,0,0,0,0,0,0,0,0,0,0,0,0,0,0,0,0,0,0,0,0,0,0,0,0,0,6145,0,57,0,0,0,0,0,0,0,0,0,0,0,0,0,0,0,0,0
2026-09-28T16:06:51Z,161,0,0,0,0,0,7803124,1467,4657235,0,0,0,0,0,0,5962,0,0,0,0,0,0,0,205,5,0,22,1,5,2633,0,0,0,0,0, ,0,0,0,0,0,0,0,0,0,0,943,1,369,0,0,0,0,0,0,0,0,0,0,0,0,0,0,0,0,0,0,0,0,0,0,0,0,0,0,0,0,0,0,0,0,0,0,0,1790607530214,3145728,0,0,0,0,0,0,0,0,0,0,0,3,0,0,0,0,0,0,0,0,0,0,0,0,0,0,0,0,0,0,0,0,0,0,0,2,3,146567336,-1,0,0,0,0,0,0,0,0,0,0,0,0,0,0,0,0,0,0,0,0,0,0,0,0,0,0,0,0,0,5843,0,118,0,0,0,0,0,0,0,0,0,0,0,0,0,0,0,0,0
2026-09-28T16:07:51Z,161,0,0,0,0,0,7834372,1467,4688483,0,0,0,0,0,0,6073,0,0,0,0,0,0,0,207,5,0,22,1,5,2707,0,0,0,0,0, ,0,0,0,0,0,0,0,0,0,0,943,1,369,0,0,0,0,0,0,0,0,0,0,0,0,0,0,0,0,0,0,0,0,0,0,0,0,0,0,0,0,0,0,0,0,0,0,0,1790607530214,3145728,0,0,0,0,0,0,0,0,0,0,0,3,0,0,0,0,0,0,0,0,0,0,0,0,0,0,0,0,0,0,0,0,0,0,0,3,5,51280960,-1,0,0,0,0,0,0,0,0,0,0,0,0,0,0,0,0,0,0,0,0,0,0,0,0,0,0,0,0,0,5939,0,132,0,0,0,0,0,0,0,0,0,0,0,0,0,0,0,0,0
2026-09-28T16:08:51Z,161,0,0,0,0,0,7838364,1467,4692475,0,0,0,0,0,0,6391,0,0,0,0,0,0,0,207,5,0,21,1,5,3112,0,0,0,0,0, ,0,0,0,0,0,0,0,0,0,0,943,1,369,0,0,0,0,0,0,0,0,0,0,0,0,0,0,0,0,0,0,0,0,0,0,0,0,0,0,0,0,0,0,0,0,0,0,0,1790607530214,3145728,0,0,0,0,0,0,0,0,0,0,0,3,0,0,0,0,0,0,0,0,0,0,0,0,0,0,0,0,0,0,0,0,0,0,0,2,4,140040656,-1,0,0,0,0,0,0,0,0,0,0,0,0,1,0,50,0,2,0,100,0,0,0,0,0,0,0,0,0,0,6316,0,64,0,0,0,0,0,0,0,0,0,0,0,0,0,0,0,0,0
2026-09-28T16:09:51Z,161,0,0,0,0,0,7878964,1467,4733075,0,0,0,0,0,0,6830,0,0,0,0,0,0,0,210,7,0,21,1,6,2821,0,0,0,0,0, ,0,0,0,0,0,0,3726,0,0,0,943,1,369,0,0,0,0,0,0,0,0,0,0,0,0,0,0,0,0,0,0,0,0,0,0,0,0,0,0,0,0,0,0,0,0,0,0,0,1790607530214,3145728,0,0,0,0,0,0,0,0,0,0,0,3,0,0,0,0,0,0,0,0,0,0,0,0,0,0,0,0,0,0,0,0,0,0,0,3,4,43449984,-1,0,0,0,0,0,0,0,0,0,0,0,0,0,0,0,0,0,0,0,0,0,0,0,0,0,0,0,0,0,6649,0,178,0,0,0,0,0,0,0,0,0,0,0,0,0,0,0,0,0
2026-09-28T16:10:51Z,161,0,0,0,0,0,7895116,1467,4749227,0,0,0,0,0,0,6159,0,0,0,0,0,0,0,210,7,0,21,1,6,2953,0,0,0,0,0, ,0,0,0,0,0,0,6159,0,0,0,943,1,369,0,0,0,0,0,0,0,0,0,0,0,0,0,0,0,0,0,0,0,0,0,0,0,0,0,0,0,0,0,0,0,0,0,0,0,1790607530214,3145728,0,0,0,0,0,0,0,0,0,0,0,3,0,0,0,0,0,0,0,0,0,0,0,0,0,0,0,0,0,0,0,0,0,0,0,2,3,152568136,-1,0,0,0,0,0,0,0,0,0,0,0,0,0,0,0,0,0,0,0,0,0,0,0,0,0,0,0,0,0,6073,0,86,0,0,0,0,0,0,0,0,0,0,0,0,0,0,0,0,0
2026-09-28T16:11:51Z,161,0,0,0,0,0,7909092,1467,4763203,0,0,0,0,0,0,5899,0,0,0,0,0,0,0,210,7,0,21,1,6,2666,0,0,0,0,0, ,0,0,0,0,0,0,5899,0,0,0,943,1,369,0,0,0,0,0,0,0,0,0,0,0,0,0,0,0,0,0,0,0,0,0,0,0,0,0,0,0,0,0,0,0,0,0,0,0,1790607530214,3145728,0,0,0,0,0,0,0,0,0,0,0,3,0,0,0,0,0,0,0,0,0,0,0,0,0,0,0,0,0,0,0,0,0,0,0,3,5,82251952,-1,0,0,0,0,0,0,0,0,0,0,0,0,0,0,0,0,0,0,0,0,0,0,0,0,0,0,0,0,0,5786,0,113,0,0,0,0,0,0,0,0,0,0,0,0,0,0,0,0,0
2026-09-28T16:12:51Z,161,0,0,0,0,0,7916972,1467,4771083,0,0,0,0,0,0,6582,0,0,0,0,0,0,0,210,7,0,20,1,6,3280,0,0,0,0,0, ,0,0,0,0,0,0,6572,0,0,0,943,1,369,0,0,0,0,0,0,0,0,0,0,0,0,0,0,0,0,0,0,0,0,0,0,0,0,0,0,0,0,0,0,0,0,0,0,0,1790607530214,3145728,0,0,0,0,0,0,0,0,0,0,0,3,0,0,0,0,0,0,0,0,0,0,0,0,0,0,0,0,0,0,0,0,0,0,0,3,6,71569736,-1,0,0,0,0,0,0,0,0,0,0,0,0,1,0,50,0,2,0,100,0,0,0,0,0,0,0,0,0,0,6468,0,103,0,0,0,0,0,0,0,0,0,0,0,0,0,0,0,0,0
2026-09-28T16:13:51Z,161,0,0,0,0,0,7944060,1467,4798171,0,0,0,0,0,0,6276,0,0,0,0,0,0,0,215,7,0,20,1,6,3094,0,0,0,0,0, ,0,0,0,0,0,0,6272,0,0,0,943,1,369,0,0,0,0,0,0,0,0,0,0,0,0,0,0,0,0,0,0,0,0,0,0,0,0,0,0,0,0,0,0,0,0,0,0,0,1790607530214,3145728,0,0,0,0,0,0,0,0,0,0,0,3,0,0,0,0,0,0,0,0,0,0,0,0,0,0,0,0,0,0,0,0,0,0,0,3,5,53434336,-1,0,0,0,0,0,0,0,0,0,0,0,0,0,0,50,0,2,0,100,0,0,0,0,0,0,0,0,0,0,6131,0,136,0,0,0,0,0,0,0,0,0,0,0,0,0,0,0,0,0
2026-09-28T16:14:51Z,161,0,0,0,0,0,7938924,1467,4793035,0,0,0,0,0,0,6080,0,0,0,0,0,0,0,215,7,0,19,1,6,3285,0,0,0,0,0, ,0,0,0,0,0,0,6064,0,0,0,943,1,369,0,0,0,0,0,0,0,0,0,0,0,0,0,0,0,0,0,0,0,0,0,0,0,0,0,0,0,0,0,0,0,0,0,0,0,1790607530214,3145728,0,0,0,0,0,0,0,0,0,0,0,3,0,0,0,0,0,0,0,0,0,0,0,0,0,0,0,0,0,0,0,0,0,0,0,3,5,122070904,-1,0,0,0,0,0,0,0,0,0,0,2,0,1,0,100,0,4,0,200,0,0,0,0,0,0,0,0,0,0,5944,0,119,0,0,0,0,0,0,0,0,0,0,0,0,0,0,0,0,0
2026-09-28T16:15:51Z,161,0,0,0,0,0,7943356,1467,4797467,0,0,0,0,0,0,5889,0,0,0,0,0,0,0,214,7,0,17,1,6,3063,0,0,0,0,0, ,0,0,0,0,0,0,5875,0,0,0,943,1,369,0,0,0,0,0,0,0,0,0,0,0,0,0,0,0,0,0,0,0,0,0,0,0,0,0,0,0,0,0,0,0,0,0,0,0,1790607530214,3145728,0,0,0,0,0,0,0,0,0,0,0,3,0,0,0,0,0,0,0,0,0,0,0,0,0,0,0,0,0,0,0,0,0,0,0,3,5,127666976,-1,0,0,0,0,0,0,0,0,0,0,0,0,2,0,50,0,2,0,100,0,0,0,0,0,0,0,0,0,0,5760,0,114,0,0,0,0,0,0,0,0,0,0,0,0,0,0,0,0,0
2026-09-28T16:16:51Z,161,0,0,0,0,0,7962716,1467,4816827,0,0,0,0,0,0,6068,0,0,0,0,0,0,0,214,7,0,17,1,6,3088,0,0,0,0,0, ,0,0,0,0,0,0,6068,0,0,0,943,1,369,0,0,0,0,0,0,0,0,0,0,0,0,0,0,0,0,0,0,0,0,0,0,0,0,0,0,0,0,0,0,0,0,0,0,0,1790607530214,3145728,0,0,0,0,0,0,0,0,0,0,0,3,0,0,0,0,0,0,0,0,0,0,0,0,0,0,0,0,0,0,0,0,0,0,0,3,6,145280640,-1,0,0,0,0,0,0,0,0,0,0,0,0,0,0,0,0,0,0,0,0,0,0,0,0,0,0,0,0,0,5943,0,125,0,0,0,0,0,0,0,0,0,0,0,0,0,0,0,0,0
2026-09-28T16:17:51Z,161,0,0,0,0,0,7988132,1467,4842243,0,0,0,0,0,0,5797,0,0,0,0,0,0,0,215,7,0,17,1,6,2906,0,0,0,0,0, ,0,0,0,0,0,0,5797,0,0,0,943,1,369,0,0,0,0,0,0,0,0,0,0,0,0,0,0,0,0,0,0,0,0,0,0,0,0,0,0,0,0,0,0,0,0,0,0,0,1790607530214,3145728,0,0,0,0,0,0,0,0,0,0,0,3,0,0,0,0,0,0,0,0,0,0,0,0,0,0,0,0,0,0,0,0,0,0,0,4,6,39714648,-1,0,0,0,0,0,0,0,0,0,0,0,0,0,0,0,0,0,0,0,0,0,0,0,0,0,0,0,0,0,5685,0,111,0,0,0,0,0,0,0,0,0,0,0,0,0,0,0,0,0
2026-09-28T16:18:51Z,161,0,0,0,0,0,8012052,1467,4866163,0,0,0,0,0,0,6387,0,0,0,0,0,0,0,215,7,0,17,1,6,3243,0,0,0,0,0, ,0,0,0,0,0,0,6387,0,0,0,943,1,369,0,0,0,0,0,0,0,0,0,0,0,0,0,0,0,0,0,0,0,0,0,0,0,0,0,0,0,0,0,0,0,0,0,0,0,1790607530214,3145728,0,0,0,0,0,0,0,0,0,0,0,3,0,0,0,0,0,0,0,0,0,0,0,0,0,0,0,0,0,0,0,0,0,0,0,3,5,83676376,-1,0,0,0,0,0,0,0,0,0,0,0,0,0,0,0,0,0,0,0,0,0,0,0,0,0,0,0,0,0,6257,0,130,0,0,0,0,0,0,0,0,0,0,0,0,0,0,0,0,0
2026-09-28T16:19:51Z,161,0,0,0,0,0,8034548,1467,4888659,0,0,0,0,0,0,5447,0,0,0,0,0,0,0,216,7,0,17,1,6,2621,0,0,0,0,0, ,0,0,0,0,0,0,5447,0,0,0,943,1,369,0,0,0,0,0,0,0,0,0,0,0,0,0,0,0,0,0,0,0,0,0,0,0,0,0,0,0,0,0,0,0,0,0,0,0,1790607530214,3145728,0,0,0,0,0,0,0,0,0,0,0,3,0,0,0,0,0,0,0,0,0,0,0,0,0,0,0,0,0,0,0,0,0,0,0,3,5,109348216,-1,0,0,0,0,0,0,0,0,0,0,0,0,0,0,0,0,0,0,0,0,0,0,0,0,0,0,0,0,0,5320,0,126,0,0,0,0,0,0,0,0,0,0,0,0,0,0,0,0,0
2026-09-28T16:20:51Z,161,0,0,0,0,0,8051652,1467,4905763,0,0,0,0,0,0,6479,0,0,0,0,0,0,0,218,7,0,17,1,6,3296,0,0,0,0,0, ,0,0,0,0,0,0,6475,0,0,0,943,1,369,0,0,0,0,0,0,0,0,0,0,0,0,0,0,0,0,0,0,0,0,0,0,0,0,0,0,0,0,0,0,0,0,0,0,0,1790607530214,3145728,0,0,0,0,0,0,0,0,0,0,0,3,0,0,0,0,0,0,0,0,0,0,0,0,0,0,0,0,0,0,0,0,0,0,0,3,5,153202504,-1,0,0,0,0,0,0,0,0,0,0,0,0,0,0,50,0,2,0,100,0,0,0,0,0,0,0,0,0,0,6307,0,166,0,0,0,0,0,0,0,0,0,0,0,0,0,0,0,0,0
2026-09-28T16:21:51Z,161,0,0,0,0,0,8083268,1467,4937379,0,0,0,0,0,0,6603,0,0,0,0,0,0,0,219,7,0,17,1,6,3324,0,0,0,0,0, ,0,0,0,0,0,0,6603,0,0,0,943,1,369,0,0,0,0,0,0,0,0,0,0,0,0,0,0,0,0,0,0,0,0,0,0,0,0,0,0,0,0,0,0,0,0,0,0,0,1790607530214,3145728,0,0,0,0,0,0,0,0,0,0,0,3,0,0,0,0,0,0,0,0,0,0,0,0,0,0,0,0,0,0,0,0,0,0,0,4,6,107526392,-1,0,0,0,0,0,0,0,0,0,0,0,0,0,0,0,0,0,0,0,0,0,0,0,0,0,0,0,0,0,6432,0,170,0,0,0,0,0,0,0,0,0,0,0,0,0,0,0,0,0
2026-09-28T16:22:51Z,161,0,0,0,0,0,8102924,1467,4957035,0,0,0,0,0,0,6355,0,0,0,0,0,0,0,219,7,0,17,1,6,3298,0,0,0,0,0, ,0,0,0,0,0,0,6355,0,0,0,943,1,369,0,0,0,0,0,0,0,0,0,0,0,0,0,0,0,0,0,0,0,0,0,0,0,0,0,0,0,0,0,0,0,0,0,0,0,1790607530214,3145728,0,0,0,0,0,0,0,0,0,0,0,3,0,0,0,0,0,0,0,0,0,0,0,0,0,0,0,0,0,0,0,0,0,0,0,3,6,161542928,-1,0,0,0,0,0,0,0,0,0,0,0,0,0,0,0,0,0,0,0,0,0,0,0,0,0,0,0,0,0,6240,0,115,0,0,0,0,0,0,0,0,0,0,0,0,0,0,0,0,0
2026-09-28T16:23:51Z,161,0,0,0,0,0,8142396,1467,4996507,0,0,0,0,0,0,6219,0,0,0,0,0,0,0,222,7,0,17,1,6,3051,0,0,0,0,0, ,0,0,0,0,0,0,6219,0,0,0,943,1,369,0,0,0,0,0,0,0,0,0,0,0,0,0,0,0,0,0,0,0,0,0,0,0,0,0,0,0,0,0,0,0,0,0,0,0,1790607530214,3145728,0,0,0,0,0,0,0,0,0,0,0,3,0,0,0,0,0,0,0,0,0,0,0,0,0,0,0,0,0,0,0,0,0,0,0,4,7,66248752,-1,0,0,0,0,0,0,0,0,0,0,0,0,0,0,0,0,0,0,0,0,0,0,0,0,0,0,0,0,0,6047,0,169,0,0,0,0,0,0,0,0,0,0,0,0,0,0,0,0,0
2026-09-28T16:24:51Z,161,0,0,0,0,0,8171132,1467,5025243,0,0,0,0,0,0,6209,0,0,0,0,0,0,0,225,7,0,17,1,6,3084,0,0,0,0,0, ,0,0,0,0,0,0,6209,0,0,0,943,1,369,0,0,0,0,0,0,0,0,0,0,0,0,0,0,0,0,0,0,0,0,0,0,0,0,0,0,0,0,0,0,0,0,0,0,0,1790607530214,3145728,0,0,0,0,0,0,0,0,0,0,0,3,0,0,0,0,0,0,0,0,0,0,0,0,0,0,0,0,0,0,0,0,0,0,0,3,6,70421992,-1,0,0,0,0,0,0,0,0,0,0,0,0,0,0,0,0,0,0,0,0,0,0,0,0,0,0,0,0,0,6111,0,95,0,0,0,0,0,0,0,0,0,0,0,0,0,0,0,0,0
2026-09-28T16:25:51Z,161,0,0,0,0,0,8197092,1467,5051203,0,0,0,0,0,0,7042,0,0,0,0,0,0,0,226,7,0,17,1,6,3508,0,0,0,0,0, ,0,0,0,0,0,0,7042,0,0,0,943,1,369,0,0,0,0,0,0,0,0,0,0,0,0,0,0,0,0,0,0,0,0,0,0,0,0,0,0,0,0,0,0,0,0,0,0,0,1790607530214,3145728,0,0,0,0,0,0,0,0,0,0,0,3,0,0,0,0,0,0,0,0,0,0,0,0,0,0,0,0,0,0,0,0,0,0,0,3,6,110236288,-1,0,0,0,0,0,0,0,0,0,0,0,0,0,0,0,0,0,0,0,0,0,0,0,0,0,0,0,0,0,6890,0,151,0,0,0,0,0,0,0,0,0,0,0,0,0,0,0,0,0
2026-09-28T16:26:51Z,161,0,0,0,0,0,8187724,1467,5041835,0,0,0,0,0,0,4787,0,0,0,0,0,0,0,225,7,0,16,1,6,2556,0,0,0,0,0, ,0,0,0,0,0,0,4777,0,0,0,943,1,369,0,0,0,0,0,0,0,0,0,0,0,0,0,0,0,0,0,0,0,0,0,0,0,0,0,0,0,0,0,0,0,0,0,0,0,1790607530214,3145728,0,0,0,0,0,0,0,0,0,0,0,3,0,0,0,0,0,0,0,0,0,0,0,0,0,0,0,0,0,0,0,0,0,0,0,3,5,101022248,-1,0,0,0,0,0,0,0,0,0,0,0,0,1,0,50,0,2,0,100,0,0,0,0,0,0,0,0,0,0,4717,0,60,0,0,0,0,0,0,0,0,0,0,0,0,0,0,0,0,0
2026-09-28T16:27:51Z,161,0,0,0,0,0,8196380,1467,5050491,0,0,0,0,0,0,5921,0,0,0,0,0,0,0,226,7,0,13,1,6,3032,0,0,0,0,0, ,0,0,0,0,0,0,5889,0,0,0,943,1,369,0,0,0,0,0,0,0,0,0,0,0,0,0,0,0,0,0,0,0,0,0,0,0,0,0,0,0,0,0,0,0,0,0,0,0,1790607530214,3145728,0,0,0,0,0,0,0,0,0,0,0,3,0,0,0,0,0,0,0,0,0,0,0,0,0,0,0,0,0,0,0,0,0,0,0,3,5,179874664,-1,0,0,0,0,0,0,0,0,0,0,0,0,3,0,150,0,6,0,300,0,0,0,0,0,0,0,0,0,0,5679,0,206,0,0,0,0,0,0,0,0,0,0,0,0,0,0,0,0,0
2026-09-28T16:28:51Z,161,0,0,0,0,0,8201796,1467,5055907,0,0,0,0,0,0,5441,0,0,0,0,0,0,0,227,7,0,13,1,6,2826,0,0,0,0,0, ,0,0,0,0,0,0,5437,0,0,0,943,1,369,0,0,0,0,0,0,0,0,0,0,0,0,0,0,0,0,0,0,0,0,0,0,0,0,0,0,0,0,0,0,0,0,0,0,0,1790607530214,3145728,0,0,0,0,0,0,0,0,0,0,0,3,0,0,0,0,0,0,0,0,0,0,0,0,0,0,0,0,0,0,0,0,0,0,0,4,7,54644392,-1,0,0,0,0,0,0,0,0,0,0,0,0,0,0,50,0,2,0,100,0,0,0,0,0,0,0,0,0,0,5344,0,92,0,0,0,0,0,0,0,0,0,0,0,0,0,0,0,0,0
2026-09-28T16:29:51Z,161,0,0,0,0,0,8233084,1467,5087195,0,0,0,0,0,0,6033,0,0,0,0,0,0,0,229,7,0,13,1,6,3001,0,0,0,0,0, ,0,0,0,0,0,0,6033,0,0,0,943,1,369,0,0,0,0,0,0,0,0,0,0,0,0,0,0,0,0,0,0,0,0,0,0,0,0,0,0,0,0,0,0,0,0,0,0,0,1790607530214,3145728,0,0,0,0,0,0,0,0,0,0,0,3,0,0,0,0,0,0,0,0,0,0,0,0,0,0,0,0,0,0,0,0,0,0,0,3,5,38381376,-1,0,0,0,0,0,0,0,0,0,0,0,0,0,0,0,0,0,0,0,0,0,0,0,0,0,0,0,0,0,5914,0,117,0,0,0,0,0,0,0,0,0,0,0,0,0,0,0,0,0
2026-09-28T16:30:51Z,161,0,0,0,0,0,8249564,1467,5103675,0,0,0,0,0,0,5642,0,0,0,0,0,0,0,230,7,0,13,1,6,2657,0,0,0,0,0, ,0,0,0,0,0,0,5642,0,0,0,943,1,369,0,0,0,0,0,0,0,0,0,0,0,0,0,0,0,0,0,0,0,0,0,0,0,0,0,0,0,0,0,0,0,0,0,0,0,1790607530214,3145728,0,0,0,0,0,0,0,0,0,0,0,3,0,0,0,0,0,0,0,0,0,0,0,0,0,0,0,0,0,0,0,0,0,0,0,3,4,49396880,-1,0,0,0,0,0,0,0,0,0,0,0,0,0,0,0,0,0,0,0,0,0,0,0,0,0,0,0,0,0,5511,0,130,0,0,0,0,0,0,0,0,0,0,0,0,0,0,0,0,0
2026-09-28T16:31:51Z,161,0,0,0,0,0,8264308,1467,5118419,0,0,0,0,0,0,4743,0,0,0,0,0,0,0,231,7,0,13,1,6,2283,0,0,0,0,0, ,0,0,0,0,0,0,4743,0,0,0,943,1,369,0,0,0,0,0,0,0,0,0,0,0,0,0,0,0,0,0,0,0,0,0,0,0,0,0,0,0,0,0,0,0,0,0,0,0,1790607530214,3145728,0,0,0,0,0,0,0,0,0,0,0,3,0,0,0,0,0,0,0,0,0,0,0,0,0,0,0,0,0,0,0,0,0,0,0,3,5,57338640,-1,0,0,0,0,0,0,0,0,0,0,0,0,0,0,0,0,0,0,0,0,0,0,0,0,0,0,0,0,0,4684,0,58,0,0,0,0,0,0,0,0,0,0,0,0,0,0,0,0,0
2026-09-28T16:32:51Z,161,0,0,0,0,0,8268620,1467,5122731,0,0,0,0,0,0,5629,0,0,0,0,0,0,0,230,7,0,12,1,6,2768,0,0,0,0,0, ,0,0,0,0,0,0,5619,0,0,0,943,1,369,0,0,0,0,0,0,0,0,0,0,0,0,0,0,0,0,0,0,0,0,0,0,0,0,0,0,0,0,0,0,0,0,0,0,0,1790607530214,3145728,0,0,0,0,0,0,0,0,0,0,0,3,0,0,0,0,0,0,0,0,0,0,0,0,0,0,0,0,0,0,0,0,0,0,0,3,5,186070096,-1,0,0,0,0,0,0,0,0,0,0,0,0,1,0,50,0,2,0,100,0,0,0,0,0,0,0,0,0,0,5505,0,114,0,0,0,0,0,0,0,0,0,0,0,0,0,0,0,0,0
2026-09-28T16:33:51Z,161,0,0,0,0,0,8297284,1467,5151395,0,0,0,0,0,0,5570,0,0,0,0,0,0,0,229,7,0,11,1,6,2539,0,0,0,0,0, ,0,0,0,0,0,0,5560,0,0,0,943,1,369,0,0,0,0,0,0,0,0,0,0,0,0,0,0,0,0,0,0,0,0,0,0,0,0,0,0,0,0,0,0,0,0,0,0,0,1790607530214,3145728,0,0,0,0,0,0,0,0,0,0,0,3,0,0,0,0,0,0,0,0,0,0,0,0,0,0,0,0,0,0,0,0,0,0,0,3,5,142167584,-1,0,0,0,0,0,0,0,0,0,0,0,0,1,0,50,0,2,0,100,0,0,0,0,0,0,0,0,0,0,5332,0,228,0,0,0,0,0,0,0,0,0,0,0,0,0,0,0,0,0
2026-09-28T16:34:51Z,161,0,0,0,0,0,8344796,1467,5198907,0,0,0,0,0,0,5179,0,0,0,0,0,0,0,232,7,0,11,1,6,2176,0,0,0,0,0, ,0,0,0,0,0,0,5179,0,0,0,943,1,369,0,0,0,0,0,0,0,0,0,0,0,0,0,0,0,0,0,0,0,0,0,0,0,0,0,0,0,0,0,0,0,0,0,0,0,1790607530214,3145728,0,0,0,0,0,0,0,0,0,0,0,3,0,0,0,0,0,0,0,0,0,0,0,0,0,0,0,0,0,0,0,0,0,0,0,4,6,42087360,-1,0,0,0,0,0,0,0,0,0,0,0,0,0,0,0,0,0,0,0,0,0,0,0,0,0,0,0,0,0,4950,0,226,0,0,0,0,0,0,0,0,0,0,0,0,0,0,0,0,0
2026-09-28T16:35:51Z,161,0,0,0,0,0,8357948,1467,5212059,0,0,0,0,0,0,5442,0,0,0,0,0,0,0,232,7,0,11,1,6,2586,0,0,0,0,0, ,0,0,0,0,0,0,5442,0,0,0,943,1,369,0,0,0,0,0,0,0,0,0,0,0,0,0,0,0,0,0,0,0,0,0,0,0,0,0,0,0,0,0,0,0,0,0,0,0,1790607530214,3145728,0,0,0,0,0,0,0,0,0,0,0,3,0,0,0,0,0,0,0,0,0,0,0,0,0,0,0,0,0,0,0,0,0,0,0,3,5,100826728,-1,0,0,0,0,0,0,0,0,0,0,0,0,0,0,0,0,0,0,0,0,0,0,0,0,0,0,0,0,0,5353,0,89,0,0,0,0,0,0,0,0,0,0,0,0,0,0,0,0,0
2026-09-28T16:36:51Z,161,0,0,0,0,0,8377620,1467,5231731,0,0,0,0,0,0,5543,0,0,0,0,0,0,0,234,7,0,11,1,6,2761,0,0,0,0,0, ,0,0,0,0,0,0,5543,0,0,0,943,1,369,0,0,0,0,0,0,0,0,0,0,0,0,0,0,0,0,0,0,0,0,0,0,0,0,0,0,0,0,0,0,0,0,0,0,0,1790607530214,3145728,0,0,0,0,0,0,0,0,0,0,0,3,0,0,0,0,0,0,0,0,0,0,0,0,0,0,0,0,0,0,0,0,0,0,0,3,5,177529664,-1,0,0,0,0,0,0,0,0,0,0,0,0,0,0,0,0,0,0,0,0,0,0,0,0,0,0,0,0,0,5459,0,82,0,0,0,0,0,0,0,0,0,0,0,0,0,0,0,0,0
2026-09-28T16:37:51Z,161,0,0,0,0,0,8411460,1467,5265571,0,0,0,0,0,0,5408,0,0,0,0,0,0,0,237,7,0,11,1,6,2566,0,0,0,0,0, ,0,0,0,0,0,0,5408,0,0,0,943,1,369,0,0,0,0,0,0,0,0,0,0,0,0,0,0,0,0,0,0,0,0,0,0,0,0,0,0,0,0,0,0,0,0,0,0,0,1790607530214,3145728,0,0,0,0,0,0,0,0,0,0,0,3,0,0,0,0,0,0,0,0,0,0,0,0,0,0,0,0,0,0,0,0,0,0,0,4,7,73301176,-1,0,0,0,0,0,0,0,0,0,0,0,0,0,0,0,0,0,0,0,0,0,0,0,0,0,0,0,0,0,5280,0,125,0,0,0,0,0,0,0,0,0,0,0,0,0,0,0,0,0
2026-09-28T16:38:51Z,161,0,0,0,0,0,8429596,1467,5283707,0,0,0,0,0,0,4896,0,0,0,0,0,0,0,237,7,0,11,1,6,2298,0,0,0,0,0, ,0,0,0,0,0,0,4896,0,0,0,943,1,369,0,0,0,0,0,0,0,0,0,0,0,0,0,0,0,0,0,0,0,0,0,0,0,0,0,0,0,0,0,0,0,0,0,0,0,1790607530214,3145728,0,0,0,0,0,0,0,0,0,0,0,3,0,0,0,0,0,0,0,0,0,0,0,0,0,0,0,0,0,0,0,0,0,0,0,3,5,93768568,-1,0,0,0,0,0,0,0,0,0,0,0,0,0,0,0,0,0,0,0,0,0,0,0,0,0,0,0,0,0,4816,0,80,0,0,0,0,0,0,0,0,0,0,0,0,0,0,0,0,0
2026-09-28T16:39:51Z,161,0,0,0,0,0,8439932,1467,5294043,0,0,0,0,0,0,5425,0,0,0,0,0,0,0,238,7,0,10,1,6,2704,0,0,0,0,0, ,0,0,0,0,0,0,5411,0,0,0,943,1,369,0,0,0,0,0,0,0,0,0,0,0,0,0,0,0,0,0,0,0,0,0,0,0,0,0,0,0,0,0,0,0,0,0,0,0,1790607530214,3145728,0,0,0,0,0,0,0,0,0,0,0,3,0,0,0,0,0,0,0,0,0,0,0,0,0,0,0,0,0,0,0,0,0,0,0,3,5,195376288,-1,0,0,0,0,0,0,0,0,0,0,0,0,1,0,100,0,4,0,200,0,0,0,0,0,0,0,0,0,0,5233,0,176,0,0,0,0,0,0,0,0,0,0,0,0,0,0,0,0,0
2026-09-28T16:40:51Z,161,0,0,0,0,0,8452028,1467,5306139,0,0,0,0,0,0,5549,0,0,0,0,0,0,0,239,7,0,10,1,6,2711,0,0,0,0,0, ,0,0,0,0,0,0,5549,0,0,0,943,1,369,0,0,0,0,0,0,0,0,0,0,0,0,0,0,0,0,0,0,0,0,0,0,0,0,0,0,0,0,0,0,0,0,0,0,0,1790607530214,3145728,0,0,0,0,0,0,0,0,0,0,0,3,0,0,0,0,0,0,0,0,0,0,0,0,0,0,0,0,0,0,0,0,0,0,0,4,7,69603360,-1,0,0,0,0,0,0,0,0,0,0,0,0,0,0,0,0,0,0,0,0,0,0,0,0,0,0,0,0,0,5449,0,99,0,0,0,0,0,0,0,0,0,0,0,0,0,0,0,0,0
2026-09-28T16:41:51Z,161,0,0,0,0,0,8494372,1467,5348483,0,0,0,0,0,0,6594,0,0,0,0,0,0,0,241,7,0,9,1,6,3207,0,0,0,0,0, ,0,0,0,0,0,0,6584,0,0,0,943,1,369,0,0,0,0,0,0,0,0,0,0,0,0,0,0,0,0,0,0,0,0,0,0,0,0,0,0,0,0,0,0,0,0,0,0,0,1790607530214,3145728,0,0,0,0,0,0,0,0,0,0,0,3,0,0,0,0,0,0,0,0,0,0,0,0,0,0,0,0,0,0,0,0,0,0,0,3,6,148479192,-1,0,0,0,0,0,0,0,0,0,0,0,0,1,0,50,0,2,0,100,0,0,0,0,0,0,0,0,0,0,6331,0,250,0,0,0,0,0,0,0,0,0,0,0,0,0,0,0,0,0
2026-09-28T16:42:51Z,161,0,0,0,0,0,8520620,1467,5374731,0,0,0,0,0,0,6002,0,0,0,0,0,0,0,242,7,0,9,1,6,2914,0,0,0,0,0, ,0,0,0,0,0,0,6002,0,0,0,943,1,369,0,0,0,0,0,0,0,0,0,0,0,0,0,0,0,0,0,0,0,0,0,0,0,0,0,0,0,0,0,0,0,0,0,0,0,1790607530214,3145728,0,0,0,0,0,0,0,0,0,0,0,3,0,0,0,0,0,0,0,0,0,0,0,0,0,0,0,0,0,0,0,0,0,0,0,3,5,155244552,-1,0,0,0,0,0,0,0,0,0,0,0,0,0,0,0,0,0,0,0,0,0,0,0,0,0,0,0,0,0,5884,0,117,0,0,0,0,0,0,0,0,0,0,0,0,0,0,0,0,0
2026-09-28T16:43:51Z,161,0,0,0,0,0,8549716,1467,5403827,0,0,0,0,0,0,6059,0,0,0,0,0,0,0,244,7,0,9,1,6,2926,0,0,0,0,0, ,0,0,0,0,0,0,6059,0,0,0,943,1,369,0,0,0,0,0,0,0,0,0,0,0,0,0,0,0,0,0,0,0,0,0,0,0,0,0,0,0,0,0,0,0,0,0,0,0,1790607530214,3145728,0,0,0,0,0,0,0,0,0,0,0,3,0,0,0,0,0,0,0,0,0,0,0,0,0,0,0,0,0,0,0,0,0,0,0,3,5,183590984,-1,0,0,0,0,0,0,0,0,0,0,0,0,0,0,0,0,0,0,0,0,0,0,0,0,0,0,0,0,0,5952,0,105,0,0,0,0,0,0,0,0,0,0,0,0,0,0,0,0,0
2026-09-28T16:44:51Z,161,0,0,0,0,0,8577484,1467,5431595,0,0,0,0,0,0,5851,0,0,0,0,0,0,0,244,7,0,9,1,6,2684,0,0,0,0,0, ,0,0,0,0,0,0,5851,0,0,0,943,1,369,0,0,0,0,0,0,0,0,0,0,0,0,0,0,0,0,0,0,0,0,0,0,0,0,0,0,0,0,0,0,0,0,0,0,0,1790607530214,3145728,0,0,0,0,0,0,0,0,0,0,0,3,0,0,0,0,0,0,0,0,0,0,0,0,0,0,0,0,0,0,0,0,0,0,0,4,6,62866384,-1,0,0,0,0,0,0,0,0,0,0,0,0,0,0,0,0,0,0,0,0,0,0,0,0,0,0,0,0,0,5729,0,122,0,0,0,0,0,0,0,0,0,0,0,0,0,0,0,0,0
2026-09-28T16:45:51Z,161,0,0,0,0,0,8570340,1467,5424451,0,0,0,0,0,0,5807,0,0,0,0,0,0,0,243,7,0,7,1,6,2905,0,0,0,0,0, ,0,0,0,0,0,0,5787,0,0,0,943,1,369,0,0,0,0,0,0,0,0,0,0,0,0,0,0,0,0,0,0,0,0,0,0,0,0,0,0,0,0,0,0,0,0,0,0,0,1790607530214,3145728,0,0,0,0,0,0,0,0,0,0,0,3,0,0,0,0,0,0,0,0,0,0,0,0,0,0,0,0,0,0,0,0,0,0,0,3,6,53349496,-1,0,0,0,0,0,0,0,0,0,0,0,0,2,0,100,0,4,0,200,0,0,0,0,0,0,0,0,0,0,5656,0,130,0,0,0,0,0,0,0,0,0,0,0,0,0,0,0,0,0
2026-09-28T16:46:51Z,161,0,0,0,0,0,8576580,1467,5430691,0,0,0,0,0,0,5713,0,0,0,0,0,0,0,245,7,0,6,1,6,2800,0,0,0,0,0, ,0,0,0,0,0,0,5703,0,0,0,943,1,369,0,0,0,0,0,0,0,0,0,0,0,0,0,0,0,0,0,0,0,0,0,0,0,0,0,0,0,0,0,0,0,0,0,0,0,1790607530214,3145728,0,0,0,0,0,0,0,0,0,0,0,3,0,0,0,0,0,0,0,0,0,0,0,0,0,0,0,0,0,0,0,0,0,0,0,2,4,162768152,-1,0,0,0,0,0,0,0,0,0,0,0,0,1,0,50,0,2,0,100,0,0,0,0,0,0,0,0,0,0,5616,0,84,0,0,0,0,0,0,0,0,0,0,0,0,0,0,0,0,0
2026-09-28T16:47:51Z,161,0,0,0,0,0,8599236,1467,5453347,0,0,0,0,0,0,5890,0,0,0,0,0,0,0,246,7,0,6,1,6,2871,0,0,0,0,0, ,0,0,0,0,0,0,5890,0,0,0,943,1,369,0,0,0,0,0,0,0,0,0,0,0,0,0,0,0,0,0,0,0,0,0,0,0,0,0,0,0,0,0,0,0,0,0,0,0,1790607530214,3145728,0,0,0,0,0,0,0,0,0,0,0,3,0,0,0,0,0,0,0,0,0,0,0,0,0,0,0,0,0,0,0,0,0,0,0,3,5,105946144,-1,0,0,0,0,0,0,0,0,0,0,0,0,0,0,0,0,0,0,0,0,0,0,0,0,0,0,0,0,0,5776,0,113,0,0,0,0,0,0,0,0,0,0,0,0,0,0,0,0,0
2026-09-28T16:48:51Z,161,0,0,0,0,0,8605804,1467,5459915,0,0,0,0,0,0,6319,0,0,0,0,0,0,0,248,7,0,6,1,6,3227,0,0,0,0,0, ,0,0,0,0,0,0,6315,0,0,0,943,1,369,0,0,0,0,0,0,0,0,0,0,0,0,0,0,0,0,0,0,0,0,0,0,0,0,0,0,0,0,0,0,0,0,0,0,0,1790607530214,3145728,0,0,0,0,0,0,0,0,0,0,0,3,0,0,0,0,0,0,0,0,0,0,0,0,0,0,0,0,0,0,0,0,0,0,0,3,5,40408544,-1,0,0,0,0,0,0,0,0,0,0,0,0,0,0,50,0,2,0,100,0,0,0,0,0,0,0,0,0,0,6209,0,104,0,0,0,0,0,0,0,0,0,0,0,0,0,0,0,0,0
2026-09-28T16:49:51Z,161,0,0,0,0,0,8635452,1467,5489563,0,0,0,0,0,0,5727,0,0,0,0,0,0,0,251,7,0,6,1,6,2761,0,0,0,0,0, ,0,0,0,0,0,0,5727,0,0,0,943,1,369,0,0,0,0,0,0,0,0,0,0,0,0,0,0,0,0,0,0,0,0,0,0,0,0,0,0,0,0,0,0,0,0,0,0,0,1790607530214,3145728,0,0,0,0,0,0,0,0,0,0,0,3,0,0,0,0,0,0,0,0,0,0,0,0,0,0,0,0,0,0,0,0,0,0,0,2,3,104952184,-1,0,0,0,0,0,0,0,0,0,0,0,0,0,0,0,0,0,0,0,0,0,0,0,0,0,0,0,0,0,5618,0,106,0,0,0,0,0,0,0,0,0,0,0,0,0,0,0,0,0
2026-09-28T16:50:51Z,161,0,0,0,0,0,8693428,1467,5547539,0,0,0,0,0,0,5144,0,0,0,0,0,0,0,257,7,0,6,1,6,2397,0,0,0,0,0, ,0,0,0,0,0,0,5144,0,0,0,943,1,369,0,0,0,0,0,0,0,0,0,0,0,0,0,0,0,0,0,0,0,0,0,0,0,0,0,0,0,0,0,0,0,0,0,0,0,1790607530214,3145728,0,0,0,0,0,0,0,0,0,0,0,3,0,0,0,0,0,0,0,0,0,0,0,0,0,0,0,0,0,0,0,0,0,0,0,2,4,154905400,-1,0,0,0,0,0,0,0,0,0,0,0,0,0,0,0,0,0,0,0,0,0,0,0,0,0,0,0,0,0,4941,0,197,0,0,0,0,0,0,0,0,0,0,0,0,0,0,0,0,0
2026-09-28T16:51:51Z,161,0,0,0,0,0,8711364,1467,5565475,0,0,0,0,0,0,6422,0,0,0,0,0,0,0,257,7,0,6,1,6,3229,0,0,0,0,0, ,0,0,0,0,0,0,6422,0,0,0,943,1,369,0,0,0,0,0,0,0,0,0,0,0,0,0,0,0,0,0,0,0,0,0,0,0,0,0,0,0,0,0,0,0,0,0,0,0,1790607530214,3145728,0,0,0,0,0,0,0,0,0,0,0,3,0,0,0,0,0,0,0,0,0,0,0,0,0,0,0,0,0,0,0,0,0,0,0,4,7,119224568,-1,0,0,0,0,0,0,0,0,0,0,0,0,0,0,0,0,0,0,0,0,0,0,0,0,0,0,0,0,0,6290,0,132,0,0,0,0,0,0,0,0,0,0,0,0,0,0,0,0,0
2026-09-28T16:52:51Z,161,0,0,0,0,0,8709428,1467,5563539,0,0,0,0,0,0,6023,0,0,0,0,0,0,0,256,7,0,4,1,6,3079,0,0,0,0,0, ,0,0,0,0,0,0,6003,0,0,0,943,1,369,0,0,0,0,0,0,0,0,0,0,0,0,0,0,0,0,0,0,0,0,0,0,0,0,0,0,0,0,0,0,0,0,0,0,0,1790607530214,3145728,0,0,0,0,0,0,0,0,0,0,0,3,0,0,0,0,0,0,0,0,0,0,0,0,0,0,0,0,0,0,0,0,0,0,0,4,7,89814704,-1,0,0,0,0,0,0,0,0,0,0,0,0,2,0,100,0,4,0,200,0,0,0,0,0,0,0,0,0,0,5846,0,156,0,0,0,0,0,0,0,0,0,0,0,0,0,0,0,0,0
2026-09-28T16:53:51Z,161,0,0,0,0,0,8735820,1467,5589931,0,0,0,0,0,0,5747,0,0,0,0,0,0,0,258,7,0,4,1,6,2848,0,0,0,0,0, ,0,0,0,0,0,0,5747,0,0,0,943,1,369,0,0,0,0,0,0,0,0,0,0,0,0,0,0,0,0,0,0,0,0,0,0,0,0,0,0,0,0,0,0,0,0,0,0,0,1790607530214,3145728,0,0,0,0,0,0,0,0,0,0,0,3,0,0,0,0,0,0,0,0,0,0,0,0,0,0,0,0,0,0,0,0,0,0,0,3,5,140649800,-1,0,0,0,0,0,0,0,0,0,0,0,0,0,0,0,0,0,0,0,0,0,0,0,0,0,0,0,0,0,5638,0,107,0,0,0,0,0,0,0,0,0,0,0,0,0,0,0,0,0
2026-09-28T16:54:51Z,161,0,0,0,0,0,8798468,1467,5652579,0,0,0,0,0,0,5079,0,0,0,0,0,0,0,264,7,0,4,1,6,2245,0,0,0,0,0, ,0,0,0,0,0,0,5079,0,0,0,943,1,369,0,0,0,0,0,0,0,0,0,0,0,0,0,0,0,0,0,0,0,0,0,0,0,0,0,0,0,0,0,0,0,0,0,0,0,1790607530214,3145728,0,0,0,0,0,0,0,0,0,0,0,3,0,0,0,0,0,0,0,0,0,0,0,0,0,0,0,0,0,0,0,0,0,0,0,3,6,202921152,-1,0,0,0,0,0,0,0,0,0,0,0,0,0,0,0,0,0,0,0,0,0,0,0,0,0,0,0,0,0,4847,0,226,0,0,0,0,0,0,0,0,0,0,0,0,0,0,0,0,0
2026-09-28T16:55:51Z,161,0,0,0,0,0,8822068,1467,5676179,0,0,0,0,0,0,6043,0,0,0,0,0,0,0,264,7,0,4,1,6,3016,0,0,0,0,0, ,0,0,0,0,0,0,6043,0,0,0,943,1,369,0,0,0,0,0,0,0,0,0,0,0,0,0,0,0,0,0,0,0,0,0,0,0,0,0,0,0,0,0,0,0,0,0,0,0,1790607530214,3145728,0,0,0,0,0,0,0,0,0,0,0,3,0,0,0,0,0,0,0,0,0,0,0,0,0,0,0,0,0,0,0,0,0,0,0,4,7,98657704,-1,0,0,0,0,0,0,0,0,0,0,0,0,0,0,0,0,0,0,0,0,0,0,0,0,0,0,0,0,0,5920,0,123,0,0,0,0,0,0,0,0,0,0,0,0,0,0,0,0,0
2026-09-28T16:56:51Z,161,0,0,0,0,0,8846460,1467,5700571,0,0,0,0,0,0,4923,0,0,0,0,0,0,0,266,7,0,4,1,6,2313,0,0,0,0,0, ,0,0,0,0,0,0,4923,0,0,0,943,1,369,0,0,0,0,0,0,0,0,0,0,0,0,0,0,0,0,0,0,0,0,0,0,0,0,0,0,0,0,0,0,0,0,0,0,0,1790607530214,3145728,0,0,0,0,0,0,0,0,0,0,0,3,0,0,0,0,0,0,0,0,0,0,0,0,0,0,0,0,0,0,0,0,0,0,0,3,5,149045944,-1,0,0,0,0,0,0,0,0,0,0,0,0,0,0,0,0,0,0,0,0,0,0,0,0,0,0,0,0,0,4827,0,94,0,0,0,0,0,0,0,0,0,0,0,0,0,0,0,0,0
2026-09-28T16:57:51Z,161,0,0,0,0,0,8862796,1467,5716907,0,0,0,0,0,0,4701,0,0,0,0,0,0,0,266,7,0,4,1,6,2223,0,0,0,0,0, ,0,0,0,0,0,0,4701,0,0,0,943,1,369,0,0,0,0,0,0,0,0,0,0,0,0,0,0,0,0,0,0,0,0,0,0,0,0,0,0,0,0,0,0,0,0,0,0,0,1790607530214,3145728,0,0,0,0,0,0,0,0,0,0,0,3,0,0,0,0,0,0,0,0,0,0,0,0,0,0,0,0,0,0,0,0,0,0,0,3,6,163088392,-1,0,0,0,0,0,0,0,0,0,0,0,0,0,0,0,0,0,0,0,0,0,0,0,0,0,0,0,0,0,4599,0,102,0,0,0,0,0,0,0,0,0,0,0,0,0,0,0,0,0
2026-09-28T16:58:51Z,161,0,0,0,0,0,8866164,1467,5720275,0,0,0,0,0,0,5274,0,0,0,0,0,0,0,265,7,0,3,1,6,2621,0,0,0,0,0, ,0,0,0,0,0,0,5264,0,0,0,943,1,369,0,0,0,0,0,0,0,0,0,0,0,0,0,0,0,0,0,0,0,0,0,0,0,0,0,0,0,0,0,0,0,0,0,0,0,1790607530214,3145728,0,0,0,0,0,0,0,0,0,0,0,3,0,0,0,0,0,0,0,0,0,0,0,0,0,0,0,0,0,0,0,0,0,0,0,3,5,139895912,-1,0,0,0,0,0,0,0,0,0,0,0,0,1,0,50,0,2,0,100,0,0,0,0,0,0,0,0,0,0,5140,0,124,0,0,0,0,0,0,0,0,0,0,0,0,0,0,0,0,0
2026-09-28T16:59:51Z,161,0,0,0,0,0,8900956,1467,5755067,0,0,0,0,0,0,5505,0,0,0,0,0,0,0,265,7,0,2,1,6,2556,0,0,0,0,0, ,0,0,0,0,0,0,5496,0,0,0,943,1,369,0,0,0,0,0,0,0,0,0,0,0,0,0,0,0,0,0,0,0,0,0,0,0,0,0,0,0,0,0,0,0,0,0,0,0,1790607530214,3145728,0,0,0,0,0,0,0,0,0,0,0,3,0,0,0,0,0,0,0,0,0,0,0,0,0,0,0,0,0,0,0,0,0,0,0,3,4,101830560,-1,0,0,0,0,0,0,0,0,0,0,0,0,1,0,50,0,2,0,100,0,0,0,0,0,0,0,0,0,0,5231,0,264,0,0,0,0,0,0,0,0,0,0,0,0,0,0,0,0,0
2026-09-28T17:00:51Z,161,0,0,0,0,0,8916380,1467,5770491,0,0,0,0,0,0,4874,0,0,0,0,0,0,0,265,7,0,2,1,6,2276,0,0,0,0,0, ,0,0,0,0,0,0,4874,0,0,0,943,1,369,0,0,0,0,0,0,0,0,0,0,0,0,0,0,0,0,0,0,0,0,0,0,0,0,0,0,0,0,0,0,0,0,0,0,0,1790607530214,3145728,0,0,0,0,0,0,0,0,0,0,0,3,0,0,0,0,0,0,0,0,0,0,0,0,0,0,0,0,0,0,0,0,0,0,0,3,6,115711376,-1,0,0,0,0,0,0,0,0,0,0,0,0,0,0,0,0,0,0,0,0,0,0,0,0,0,0,0,0,0,4745,0,129,0,0,0,0,0,0,0,0,0,0,0,0,0,0,0,0,0
2026-09-28T17:01:51Z,161,0,0,0,0,0,8934140,1467,5788251,0,0,0,0,0,0,5078,0,0,0,0,0,0,0,267,7,0,2,1,6,2605,0,0,0,0,0, ,0,0,0,0,0,0,5074,0,0,0,943,1,369,0,0,0,0,0,0,0,0,0,0,0,0,0,0,0,0,0,0,0,0,0,0,0,0,0,0,0,0,0,0,0,0,0,0,0,1790607530214,3145728,0,0,0,0,0,0,0,0,0,0,0,3,0,0,0,0,0,0,0,0,0,0,0,0,0,0,0,0,0,0,0,0,0,0,0,3,4,41443568,-1,0,0,0,0,0,0,0,0,0,0,0,0,0,0,50,0,2,0,100,0,0,0,0,0,0,0,0,0,0,4940,0,132,0,0,0,0,0,0,0,0,0,0,0,0,0,0,0,0,0
2026-09-28T17:02:51Z,161,0,0,0,0,0,8951692,1467,5805803,0,0,0,0,0,0,5338,0,0,0,0,0,0,0,267,7,0,2,1,6,2745,0,0,0,0,0, ,0,0,0,0,0,0,5338,0,0,0,943,1,369,0,0,0,0,0,0,0,0,0,0,0,0,0,0,0,0,0,0,0,0,0,0,0,0,0,0,0,0,0,0,0,0,0,0,0,1790607530214,3145728,0,0,0,0,0,0,0,0,0,0,0,3,0,0,0,0,0,0,0,0,0,0,0,0,0,0,0,0,0,0,0,0,0,0,0,3,5,56143328,-1,0,0,0,0,0,0,0,0,0,0,0,0,0,0,0,0,0,0,0,0,0,0,0,0,0,0,0,0,0,5257,0,81,0,0,0,0,0,0,0,0,0,0,0,0,0,0,0,0,0
2026-09-28T17:03:51Z,161,0,0,0,0,0,8978300,1467,5832411,0,0,0,0,0,0,5891,0,0,0,0,0,0,0,268,7,0,2,1,6,2899,0,0,0,0,0, ,0,0,0,0,0,0,5891,0,0,0,943,1,369,0,0,0,0,0,0,0,0,0,0,0,0,0,0,0,0,0,0,0,0,0,0,0,0,0,0,0,0,0,0,0,0,0,0,0,1790607530214,3145728,0,0,0,0,0,0,0,0,0,0,0,3,0,0,0,0,0,0,0,0,0,0,0,0,0,0,0,0,0,0,0,0,0,0,0,3,6,77888752,-1,0,0,0,0,0,0,0,0,0,0,0,0,0,0,0,0,0,0,0,0,0,0,0,0,0,0,0,0,0,5752,0,138,0,0,0,0,0,0,0,0,0,0,0,0,0,0,0,0,0
2026-09-28T17:04:51Z,161,0,0,0,0,0,9013652,1467,5867763,0,0,0,0,0,0,7463,0,0,0,0,0,0,0,270,7,0,-1,1,6,3742,0,0,0,0,0, ,0,0,0,0,0,0,7431,0,0,0,943,1,369,0,0,0,0,0,0,0,0,0,0,0,0,0,0,0,0,0,0,0,0,0,0,0,0,0,0,0,0,0,0,0,0,0,0,0,1790607530214,3145728,0,0,0,0,0,0,0,0,0,0,0,3,0,0,0,0,0,0,0,0,0,0,0,0,0,0,0,0,0,0,0,0,0,0,0,4,8,77843336,-1,0,0,0,0,0,0,0,0,0,0,1,0,3,0,200,0,8,0,400,0,0,0,0,0,0,0,0,0,0,6995,0,431,0,0,0,0,0,0,0,0,0,0,0,0,0,0,0,0,0
2026-09-28T17:05:51Z,161,0,0,0,0,0,9045524,1467,5899635,0,0,0,0,0,0,5842,0,0,0,0,0,0,0,272,7,0,-1,1,6,2860,0,0,0,0,0, ,0,0,0,0,0,0,5840,0,0,0,943,1,369,0,0,0,0,0,0,0,0,0,0,0,0,0,0,0,0,0,0,0,0,0,0,0,0,0,0,0,0,0,0,0,0,0,0,0,1790607530214,3145728,0,0,0,0,0,0,0,0,0,0,0,3,0,0,0,0,0,0,0,0,0,0,0,0,0,0,0,0,0,0,0,0,0,0,0,3,6,123162560,-1,0,0,0,0,0,0,0,0,0,0,0,0,0,0,0,0,0,0,0,0,0,0,0,0,0,0,0,0,0,5652,0,186,0,0,0,0,0,0,0,0,0,0,0,0,0,0,0,0,0
2026-09-28T17:06:51Z,161,0,0,0,0,0,9102804,1467,5956915,0,0,0,0,0,0,6409,0,0,0,0,0,0,0,277,7,0,-1,1,6,2996,0,0,0,0,0, ,0,0,0,0,0,0,6409,0,0,0,943,1,369,0,0,0,0,0,0,0,0,0,0,0,0,0,0,0,0,0,0,0,0,0,0,0,0,0,0,0,0,0,0,0,0,0,0,0,1790607530214,3145728,0,0,0,0,0,0,0,0,0,0,0,3,0,0,0,0,0,0,0,0,0,0,0,0,0,0,0,0,0,0,0,0,0,0,0,4,7,45223136,-1,0,0,0,0,0,0,0,0,0,0,0,0,0,0,0,0,0,0,0,0,0,0,0,0,0,0,0,0,0,6136,0,268,0,0,0,0,0,0,0,0,0,0,0,0,0,0,0,0,0
2026-09-28T17:07:51Z,161,0,0,0,0,0,9143564,1467,5997675,0,0,0,0,0,0,5754,0,0,0,0,0,0,0,279,7,0,-1,1,6,2748,0,0,0,0,0, ,0,0,0,0,0,0,5754,0,0,0,943,1,369,0,0,0,0,0,0,0,0,0,0,0,0,0,0,0,0,0,0,0,0,0,0,0,0,0,0,0,0,0,0,0,0,0,0,0,1790607530214,3145728,0,0,0,0,0,0,0,0,0,0,0,3,0,0,0,0,0,0,0,0,0,0,0,0,0,0,0,0,0,0,0,0,0,0,0,3,6,143577232,-1,0,0,0,0,0,0,0,0,0,0,0,0,0,0,0,0,0,0,0,0,0,0,0,0,0,0,0,0,0,5561,0,191,0,0,0,0,0,0,0,0,0,0,0,0,0,0,0,0,0
2026-09-28T17:08:51Z,161,0,0,0,0,0,9187100,1467,6041211,0,0,0,0,0,0,6345,0,0,0,0,0,0,0,284,7,0,-1,1,6,3133,0,0,0,0,0, ,0,0,0,0,0,0,6345,0,0,0,943,1,369,0,0,0,0,0,0,0,0,0,0,0,0,0,0,0,0,0,0,0,0,0,0,0,0,0,0,0,0,0,0,0,0,0,0,0,1790607530214,3145728,0,0,0,0,0,0,0,0,0,0,0,3,0,0,0,0,0,0,0,0,0,0,0,0,0,0,0,0,0,0,0,0,0,0,0,4,6,50481648,-1,0,0,0,0,0,0,0,0,0,0,0,0,0,0,0,0,0,0,0,0,0,0,0,0,0,0,0,0,0,6170,0,170,0,0,0,0,0,0,0,0,0,0,0,0,0,0,0,0,0
2026-09-28T17:09:51Z,161,0,0,0,0,0,9223012,1467,6077123,0,0,0,0,0,0,6608,0,0,0,0,0,0,0,285,7,0,-1,1,6,3141,0,0,0,0,0, ,0,0,0,0,0,0,6608,0,0,0,943,1,369,0,0,0,0,0,0,0,0,0,0,0,0,0,0,0,0,0,0,0,0,0,0,0,0,0,0,0,0,0,0,0,0,0,0,0,1790607530214,3145728,0,0,0,0,0,0,0,0,0,0,0,3,0,0,0,0,0,0,0,0,0,0,0,0,0,0,0,0,0,0,0,0,0,0,0,4,7,38931648,-1,0,0,0,0,0,0,0,0,0,0,0,0,0,0,0,0,0,0,0,0,0,0,0,0,0,0,0,0,0,6376,0,231,0,0,0,0,0,0,0,0,0,0,0,0,0,0,0,0,0
2026-09-28T17:10:51Z,161,0,0,0,0,0,9248556,1467,6102667,0,0,0,0,0,0,6212,0,0,0,0,0,0,0,287,7,0,-2,1,6,3009,0,0,0,0,0, ,0,0,0,0,0,0,6202,0,0,0,943,1,369,0,0,0,0,0,0,0,0,0,0,0,0,0,0,0,0,0,0,0,0,0,0,0,0,0,0,0,0,0,0,0,0,0,0,0,1790607530214,3145728,0,0,0,0,0,0,0,0,0,0,0,3,0,0,0,0,0,0,0,0,0,0,0,0,0,0,0,0,0,0,0,0,0,0,0,3,5,102882856,-1,0,0,0,0,0,0,0,0,0,0,0,0,1,0,50,0,2,0,100,0,0,0,0,0,0,0,0,0,0,5968,0,231,0,0,0,0,0,0,0,0,0,0,0,0,0,0,0,0,0
2026-09-28T17:11:51Z,161,0,0,0,0,0,9269444,1467,6123555,0,0,0,0,0,0,6145,0,0,0,0,0,0,0,288,7,0,-2,1,6,3114,0,0,0,0,0, ,0,0,0,0,0,0,6145,0,0,0,943,1,369,0,0,0,0,0,0,0,0,0,0,0,0,0,0,0,0,0,0,0,0,0,0,0,0,0,0,0,0,0,0,0,0,0,0,0,1790607530214,3145728,0,0,0,0,0,0,0,0,0,0,0,3,0,0,0,0,0,0,0,0,0,0,0,0,0,0,0,0,0,0,0,0,0,0,0,4,7,95919456,-1,0,0,0,0,0,0,0,0,0,0,0,0,0,0,0,0,0,0,0,0,0,0,0,0,0,0,0,0,0,6017,0,127,0,0,0,0,0,0,0,0,0,0,0,0,0,0,0,0,0
2026-09-28T17:12:51Z,161,0,0,0,0,0,9292772,1467,6146883,0,0,0,0,0,0,6015,0,0,0,0,0,0,0,290,7,0,-3,1,6,2963,0,0,0,0,0, ,0,0,0,0,0,0,6005,0,0,0,943,1,369,0,0,0,0,0,0,0,0,0,0,0,0,0,0,0,0,0,0,0,0,0,0,0,0,0,0,0,0,0,0,0,0,0,0,0,1790607530214,3145728,0,0,0,0,0,0,0,0,0,0,0,3,0,0,0,0,0,0,0,0,0,0,0,0,0,0,0,0,0,0,0,0,0,0,0,3,6,217447552,-1,0,0,0,0,0,0,0,0,0,0,0,0,1,0,50,0,2,0,100,0,0,0,0,0,0,0,0,0,0,5800,0,202,0,0,0,0,0,0,0,0,0,0,0,0,0,0,0,0,0
2026-09-28T17:13:51Z,161,0,0,0,0,0,9330924,1467,6185035,0,0,0,0,0,0,5506,0,0,0,0,0,0,0,293,7,0,-3,1,6,2466,0,0,0,0,0, ,0,0,0,0,0,0,5506,0,0,0,943,1,369,0,0,0,0,0,0,0,0,0,0,0,0,0,0,0,0,0,0,0,0,0,0,0,0,0,0,0,0,0,0,0,0,0,0,0,1790607530214,3145728,0,0,0,0,0,0,0,0,0,0,0,3,0,0,0,0,0,0,0,0,0,0,0,0,0,0,0,0,0,0,0,0,0,0,0,4,6,118720112,-1,0,0,0,0,0,0,0,0,0,0,0,0,0,0,0,0,0,0,0,0,0,0,0,0,0,0,0,0,0,5259,0,244,0,0,0,0,0,0,0,0,0,0,0,0,0,0,0,0,0
2026-09-28T17:14:51Z,161,0,0,0,0,0,9358316,1467,6212427,0,0,0,0,0,0,6274,0,0,0,0,0,0,0,294,7,0,-3,1,6,3194,0,0,0,0,0, ,0,0,0,0,0,0,6274,0,0,0,943,1,369,0,0,0,0,0,0,0,0,0,0,0,0,0,0,0,0,0,0,0,0,0,0,0,0,0,0,0,0,0,0,0,0,0,0,0,1790607530214,3145728,0,0,0,0,0,0,0,0,0,0,0,3,0,0,0,0,0,0,0,0,0,0,0,0,0,0,0,0,0,0,0,0,0,0,0,3,6,181553320,-1,0,0,0,0,0,0,0,0,0,0,0,0,0,0,0,0,0,0,0,0,0,0,0,0,0,0,0,0,0,6130,0,143,0,0,0,0,0,0,0,0,0,0,0,0,0,0,0,0,0
2026-09-28T17:15:51Z,161,0,0,0,0,0,9396932,1467,6251043,0,0,0,0,0,0,5925,0,0,0,0,0,0,0,296,8,0,-3,1,6,2849,0,0,0,0,0, ,0,0,0,0,0,0,5925,0,0,0,943,1,369,0,0,0,0,0,0,0,0,0,0,0,0,0,0,0,0,0,0,0,0,0,0,0,0,0,0,0,0,0,0,0,0,0,0,0,1790607530214,3145728,0,0,0,0,0,0,0,0,0,0,0,3,0,0,0,0,0,0,0,0,0,0,0,0,0,0,0,0,0,0,0,0,0,0,0,4,7,85931832,-1,0,0,0,0,0,0,0,0,0,0,0,0,0,0,0,0,0,0,0,0,0,0,0,0,0,0,0,0,0,5739,0,184,0,0,0,0,0,0,0,0,0,0,0,0,0,0,0,0,0
2026-09-28T17:16:51Z,161,0,0,0,0,0,9418508,1467,6272619,0,0,0,0,0,0,5835,0,0,0,0,0,0,0,296,8,0,-4,1,6,2874,0,0,0,0,0, ,0,0,0,0,0,0,5825,0,0,0,943,1,369,0,0,0,0,0,0,0,0,0,0,0,0,0,0,0,0,0,0,0,0,0,0,0,0,0,0,0,0,0,0,0,0,0,0,0,1790607530214,3145728,0,0,0,0,0,0,0,0,0,0,0,3,0,0,0,0,0,0,0,0,0,0,0,0,0,0,0,0,0,0,0,0,0,0,0,3,5,120969224,-1,0,0,0,0,0,0,0,0,0,0,0,0,1,0,50,0,2,0,100,0,0,0,0,0,0,0,0,0,0,5618,0,206,0,0,0,0,0,0,0,0,0,0,0,0,0,0,0,0,0
2026-09-28T17:17:51Z,161,0,0,0,0,0,9420260,1467,6274371,0,0,0,0,0,0,6545,0,0,0,0,0,0,0,296,8,0,-5,1,6,3401,0,0,0,0,0, ,0,0,0,0,0,0,6531,0,0,0,943,1,369,0,0,0,0,0,0,0,0,0,0,0,0,0,0,0,0,0,0,0,0,0,0,0,0,0,0,0,0,0,0,0,0,0,0,0,1790607530214,3145728,0,0,0,0,0,0,0,0,0,0,0,3,0,0,0,0,0,0,0,0,0,0,0,0,0,0,0,0,0,0,0,0,0,0,0,4,8,84902008,-1,0,0,0,0,0,0,0,0,0,0,0,0,1,0,100,0,4,0,200,0,0,0,0,0,0,0,0,0,0,6347,0,183,0,0,0,0,0,0,0,0,0,0,0,0,0,0,0,0,0
2026-09-28T17:18:51Z,161,0,0,0,0,0,9462228,1467,6316339,0,0,0,0,0,0,6114,0,0,0,0,0,0,0,300,8,0,-5,1,6,2932,0,0,0,0,0, ,0,0,0,0,0,0,6114,0,0,0,943,1,369,0,0,0,0,0,0,0,0,0,0,0,0,0,0,0,0,0,0,0,0,0,0,0,0,0,0,0,0,0,0,0,0,0,0,0,1790607530214,3145728,0,0,0,0,0,0,0,0,0,0,0,3,0,0,0,0,0,0,0,0,0,0,0,0,0,0,0,0,0,0,0,0,0,0,0,3,5,94828520,-1,0,0,0,0,0,0,0,0,0,0,0,0,0,0,0,0,0,0,0,0,0,0,0,0,0,0,0,0,0,5918,0,192,0,0,0,0,0,0,0,0,0,0,0,0,0,0,0,0,0
2026-09-28T17:19:51Z,161,0,0,0,0,0,9492580,1467,6346691,0,0,0,0,0,0,5795,0,0,0,0,0,0,0,300,8,0,-5,1,6,2772,0,0,0,0,0, ,0,0,0,0,0,0,5795,0,0,0,943,1,369,0,0,0,0,0,0,0,0,0,0,0,0,0,0,0,0,0,0,0,0,0,0,0,0,0,0,0,0,0,0,0,0,0,0,0,1790607530214,3145728,0,0,0,0,0,0,0,0,0,0,0,3,0,0,0,0,0,0,0,0,0,0,0,0,0,0,0,0,0,0,0,0,0,0,0,3,5,85077504,-1,0,0,0,0,0,0,0,0,0,0,0,0,0,0,0,0,0,0,0,0,0,0,0,0,0,0,0,0,0,5611,0,184,0,0,0,0,0,0,0,0,0,0,0,0,0,0,0,0,0
2026-09-28T17:20:51Z,161,0,0,0,0,0,9538188,1467,6392299,0,0,0,0,0,0,5978,0,0,0,0,0,0,0,301,8,0,-5,1,6,2736,0,0,0,0,0, ,0,0,0,0,0,0,5978,0,0,0,943,1,369,0,0,0,0,0,0,0,0,0,0,0,0,0,0,0,0,0,0,0,0,0,0,0,0,0,0,0,0,0,0,0,0,0,0,0,1790607530214,3145728,0,0,0,0,0,0,0,0,0,0,0,3,0,0,0,0,0,0,0,0,0,0,0,0,0,0,0,0,0,0,0,0,0,0,0,3,5,137580264,-1,0,0,0,0,0,0,0,0,0,0,0,0,0,0,0,0,0,0,0,0,0,0,0,0,0,0,0,0,0,5750,0,227,0,0,0,0,0,0,0,0,0,0,0,0,0,0,0,0,0
2026-09-28T17:21:51Z,161,0,0,0,0,0,9565604,1467,6419715,0,0,0,0,0,0,6138,0,0,0,0,0,0,0,304,8,0,-5,1,6,2986,0,0,0,0,0, ,0,0,0,0,0,0,6138,0,0,0,943,1,369,0,0,0,0,0,0,0,0,0,0,0,0,0,0,0,0,0,0,0,0,0,0,0,0,0,0,0,0,0,0,0,0,0,0,0,1790607530214,3145728,0,0,0,0,0,0,0,0,0,0,0,3,0,0,0,0,0,0,0,0,0,0,0,0,0,0,0,0,0,0,0,0,0,0,0,3,5,131980400,-1,0,0,0,0,0,0,0,0,0,0,0,0,0,0,0,0,0,0,0,0,0,0,0,0,0,0,0,0,0,6006,0,129,0,0,0,0,0,0,0,0,0,0,0,0,0,0,0,0,0
2026-09-28T17:22:51Z,161,0,0,0,0,0,9599588,1467,6453699,0,0,0,0,0,0,6474,0,0,0,0,0,0,0,307,8,0,-5,1,6,3148,0,0,0,0,0, ,0,0,0,0,0,0,6474,0,0,0,943,1,369,0,0,0,0,0,0,0,0,0,0,0,0,0,0,0,0,0,0,0,0,0,0,0,0,0,0,0,0,0,0,0,0,0,0,0,1790607530214,3145728,0,0,0,0,0,0,0,0,0,0,0,3,0,0,0,0,0,0,0,0,0,0,0,0,0,0,0,0,0,0,0,0,0,0,0,4,8,59141408,-1,0,0,0,0,0,0,0,0,0,0,0,0,0,0,0,0,0,0,0,0,0,0,0,0,0,0,0,0,0,6321,0,150,0,0,0,0,0,0,0,0,0,0,0,0,0,0,0,0,0
2026-09-28T17:23:51Z,161,0,0,0,0,0,9620324,1467,6474435,0,0,0,0,0,0,6146,0,0,0,0,0,0,0,309,8,0,-5,1,6,3165,0,0,0,0,0, ,0,0,0,0,0,0,6142,0,0,0,943,1,369,0,0,0,0,0,0,0,0,0,0,0,0,0,0,0,0,0,0,0,0,0,0,0,0,0,0,0,0,0,0,0,0,0,0,0,1790607530214,3145728,0,0,0,0,0,0,0,0,0,0,0,3,0,0,0,0,0,0,0,0,0,0,0,0,0,0,0,0,0,0,0,0,0,0,0,3,5,104236864,-1,0,0,0,0,0,0,0,0,0,0,0,0,0,0,50,0,2,0,100,0,0,0,0,0,0,0,0,0,0,5987,0,153,0,0,0,0,0,0,0,0,0,0,0,0,0,0,0,0,0
2026-09-28T17:24:51Z,161,0,0,0,0,0,9626620,1467,6480731,0,0,0,0,0,0,5457,0,0,0,0,0,0,0,310,8,0,-5,1,6,2704,0,0,0,0,0, ,0,0,0,0,0,0,5453,0,0,0,943,1,369,0,0,0,0,0,0,0,0,0,0,0,0,0,0,0,0,0,0,0,0,0,0,0,0,0,0,0,0,0,0,0,0,0,0,0,1790607530214,3145728,0,0,0,0,0,0,0,0,0,0,0,3,0,0,0,0,0,0,0,0,0,0,0,0,0,0,0,0,0,0,0,0,0,0,0,3,6,95215408,-1,0,0,0,0,0,0,0,0,0,0,0,0,0,0,50,0,2,0,100,0,0,0,0,0,0,0,0,0,0,5329,0,123,0,0,0,0,0,0,0,0,0,0,0,0,0,0,0,0,0
2026-09-28T17:25:51Z,161,0,0,0,0,0,9645404,1467,6499515,0,0,0,0,0,0,5558,0,0,0,0,0,0,0,310,8,0,-5,1,6,2596,0,0,0,0,0, ,0,0,0,0,0,0,5558,0,0,0,943,1,369,0,0,0,0,0,0,0,0,0,0,0,0,0,0,0,0,0,0,0,0,0,0,0,0,0,0,0,0,0,0,0,0,0,0,0,1790607530214,3145728,0,0,0,0,0,0,0,0,0,0,0,3,0,0,0,0,0,0,0,0,0,0,0,0,0,0,0,0,0,0,0,0,0,0,0,2,4,188914464,-1,0,0,0,0,0,0,0,0,0,0,0,0,0,0,0,0,0,0,0,0,0,0,0,0,0,0,0,0,0,5431,0,127,0,0,0,0,0,0,0,0,0,0,0,0,0,0,0,0,0
2026-09-28T17:26:52Z,161,0,0,0,0,0,9643452,1467,6497563,0,0,0,0,0,0,5621,0,0,0,0,0,0,0,309,8,0,-6,1,6,2942,0,0,0,0,0, ,0,0,0,0,0,0,5611,0,0,0,943,1,369,0,0,0,0,0,0,0,0,0,0,0,0,0,0,0,0,0,0,0,0,0,0,0,0,0,0,0,0,0,0,0,0,0,0,0,1790607530214,3145728,0,0,0,0,0,0,0,0,0,0,0,3,0,0,0,0,0,0,0,0,0,0,0,0,0,0,0,0,0,0,0,0,0,0,0,3,4,140160576,-1,0,0,0,0,0,0,0,0,0,0,0,0,1,0,50,0,2,0,100,0,0,0,0,0,0,0,0,0,0,5501,0,110,0,0,0,0,0,0,0,0,0,0,0,0,0,0,0,0,0
2026-09-28T17:27:52Z,161,0,0,0,0,0,9673820,1467,6527931,0,0,0,0,0,0,6026,0,0,0,0,0,0,0,311,8,0,-6,1,6,2918,0,0,0,0,0, ,0,0,0,0,0,0,6026,0,0,0,943,1,369,0,0,0,0,0,0,0,0,0,0,0,0,0,0,0,0,0,0,0,0,0,0,0,0,0,0,0,0,0,0,0,0,0,0,0,1790607530214,3145728,0,0,0,0,0,0,0,0,0,0,0,3,0,0,0,0,0,0,0,0,0,0,0,0,0,0,0,0,0,0,0,0,0,0,0,3,5,119174272,-1,0,0,0,0,0,0,0,0,0,0,0,0,0,0,0,0,0,0,0,0,0,0,0,0,0,0,0,0,0,5895,0,129,0,0,0,0,0,0,0,0,0,0,0,0,0,0,0,0,0
2026-09-28T17:28:52Z,161,0,0,0,0,0,9681532,1467,6535643,0,0,0,0,0,0,5471,0,0,0,0,0,0,0,311,8,0,-6,1,6,2729,0,0,0,0,0, ,0,0,0,0,0,0,5471,0,0,0,943,1,369,0,0,0,0,0,0,0,0,0,0,0,0,0,0,0,0,0,0,0,0,0,0,0,0,0,0,0,0,0,0,0,0,0,0,0,1790607530214,3145728,0,0,0,0,0,0,0,0,0,0,0,3,0,0,0,0,0,0,0,0,0,0,0,0,0,0,0,0,0,0,0,0,0,0,0,2,4,167534176,-1,0,0,0,0,0,0,0,0,0,0,0,0,0,0,0,0,0,0,0,0,0,0,0,0,0,0,0,0,0,5426,0,45,0,0,0,0,0,0,0,0,0,0,0,0,0,0,0,0,0
2026-09-28T17:29:52Z,161,0,0,0,0,0,9643620,1467,6497731,0,0,0,0,0,0,5858,0,0,0,0,0,0,0,310,8,0,-7,1,6,3224,0,0,0,0,0, ,0,0,0,0,0,0,5838,0,0,0,943,1,369,0,0,0,0,0,0,0,0,0,0,0,0,0,0,0,0,0,0,0,0,0,0,0,0,0,0,0,0,0,0,0,0,0,0,0,1790607530214,3145728,0,0,0,0,0,0,0,0,0,0,0,3,0,0,0,0,0,0,0,0,0,0,0,0,0,0,0,0,0,0,0,0,0,0,0,3,5,133123744,-1,0,0,0,0,0,0,0,0,0,0,1,0,1,0,200,0,8,0,400,0,0,0,0,0,0,0,0,0,0,5769,0,69,0,0,0,0,0,0,0,0,0,0,0,0,0,0,0,0,0
2026-09-28T17:30:52Z,161,0,0,0,0,0,9686164,1467,6540275,0,0,0,0,0,0,6786,0,0,0,0,0,0,0,311,8,0,-7,1,6,3387,0,0,0,0,0, ,0,0,0,0,0,0,6784,0,0,0,943,1,369,0,0,0,0,0,0,0,0,0,0,0,0,0,0,0,0,0,0,0,0,0,0,0,0,0,0,0,0,0,0,0,0,0,0,0,1790607530214,3145728,0,0,0,0,0,0,0,0,0,0,0,3,0,0,0,0,0,0,0,0,0,0,0,0,0,0,0,0,0,0,0,0,0,0,0,3,5,121547624,-1,0,0,0,0,0,0,0,0,0,0,0,0,0,0,0,0,0,0,0,0,0,0,0,0,0,0,0,0,0,6577,0,206,0,0,0,0,0,0,0,0,0,0,0,0,0,0,0,0,0
2026-09-28T17:31:52Z,161,0,0,0,0,0,9712868,1467,6566979,0,0,0,0,0,0,6456,0,0,0,0,0,0,0,312,8,0,-7,1,6,3159,0,0,0,0,0, ,0,0,0,0,0,0,6456,0,0,0,943,1,369,0,0,0,0,0,0,0,0,0,0,0,0,0,0,0,0,0,0,0,0,0,0,0,0,0,0,0,0,0,0,0,0,0,0,0,1790607530214,3145728,0,0,0,0,0,0,0,0,0,0,0,3,0,0,0,0,0,0,0,0,0,0,0,0,0,0,0,0,0,0,0,0,0,0,0,4,8,82147112,-1,0,0,0,0,0,0,0,0,0,0,0,0,0,0,0,0,0,0,0,0,0,0,0,0,0,0,0,0,0,6313,0,142,0,0,0,0,0,0,0,0,0,0,0,0,0,0,0,0,0
2026-09-28T17:32:52Z,161,0,0,0,0,0,9735668,1467,6589779,0,0,0,0,0,0,5077,0,0,0,0,0,0,0,313,8,0,-7,1,6,2383,0,0,0,0,0, ,0,0,0,0,0,0,5077,0,0,0,943,1,369,0,0,0,0,0,0,0,0,0,0,0,0,0,0,0,0,0,0,0,0,0,0,0,0,0,0,0,0,0,0,0,0,0,0,0,1790607530214,3145728,0,0,0,0,0,0,0,0,0,0,0,3,0,0,0,0,0,0,0,0,0,0,0,0,0,0,0,0,0,0,0,0,0,0,0,3,6,128918544,-1,0,0,0,0,0,0,0,0,0,0,0,0,0,0,0,0,0,0,0,0,0,0,0,0,0,0,0,0,0,4949,0,127,0,0,0,0,0,0,0,0,0,0,0,0,0,0,0,0,0
2026-09-28T17:33:52Z,161,0,0,0,0,0,9774220,1467,6628331,0,0,0,0,0,0,6415,0,0,0,0,0,0,0,314,8,0,-7,1,6,3157,0,0,0,0,0, ,0,0,0,0,0,0,6415,0,0,0,943,1,369,0,0,0,0,0,0,0,0,0,0,0,0,0,0,0,0,0,0,0,0,0,0,0,0,0,0,0,0,0,0,0,0,0,0,0,1790607530214,3145728,0,0,0,0,0,0,0,0,0,0,0,3,0,0,0,0,0,0,0,0,0,0,0,0,0,0,0,0,0,0,0,0,0,0,0,3,5,182234696,-1,0,0,0,0,0,0,0,0,0,0,0,0,0,0,0,0,0,0,0,0,0,0,0,0,0,0,0,0,0,6234,0,180,0,0,0,0,0,0,0,0,0,0,0,0,0,0,0,0,0
2026-09-28T17:34:52Z,161,0,0,0,0,0,9805284,1467,6659395,0,0,0,0,0,0,5767,0,0,0,0,0,0,0,316,8,0,-7,1,6,2955,0,0,0,0,0, ,0,0,0,0,0,0,5767,0,0,0,943,1,369,0,0,0,0,0,0,0,0,0,0,0,0,0,0,0,0,0,0,0,0,0,0,0,0,0,0,0,0,0,0,0,0,0,0,0,1790607530214,3145728,0,0,0,0,0,0,0,0,0,0,0,3,0,0,0,0,0,0,0,0,0,0,0,0,0,0,0,0,0,0,0,0,0,0,0,3,6,156846456,-1,0,0,0,0,0,0,0,0,0,0,0,0,0,0,0,0,0,0,0,0,0,0,0,0,0,0,0,0,0,5639,0,126,0,0,0,0,0,0,0,0,0,0,0,0,0,0,0,0,0
2026-09-28T17:35:52Z,161,0,0,0,0,0,9804772,1467,6658883,0,0,0,0,0,0,4800,0,0,0,0,0,0,0,316,8,0,-8,1,6,2429,0,0,0,0,0, ,0,0,0,0,0,0,4790,0,0,0,943,1,369,0,0,0,0,0,0,0,0,0,0,0,0,0,0,0,0,0,0,0,0,0,0,0,0,0,0,0,0,0,0,0,0,0,0,0,1790607530214,3145728,0,0,0,0,0,0,0,0,0,0,0,3,0,0,0,0,0,0,0,0,0,0,0,0,0,0,0,0,0,0,0,0,0,0,0,3,5,141233488,-1,0,0,0,0,0,0,0,0,0,0,0,0,1,0,50,0,2,0,100,0,0,0,0,0,0,0,0,0,0,4708,0,81,0,0,0,0,0,0,0,0,0,0,0,0,0,0,0,0,0
2026-09-28T17:36:52Z,161,0,0,0,0,0,9838780,1467,6692891,0,0,0,0,0,0,6283,0,0,0,0,0,0,0,319,8,0,-8,1,6,3029,0,0,0,0,0, ,0,0,0,0,0,0,6279,0,0,0,943,1,369,0,0,0,0,0,0,0,0,0,0,0,0,0,0,0,0,0,0,0,0,0,0,0,0,0,0,0,0,0,0,0,0,0,0,0,1790607530214,3145728,0,0,0,0,0,0,0,0,0,0,0,3,0,0,0,0,0,0,0,0,0,0,0,0,0,0,0,0,0,0,0,0,0,0,0,4,6,76038392,-1,0,0,0,0,0,0,0,0,0,0,0,0,0,0,50,0,2,0,100,0,0,0,0,0,0,0,0,0,0,6023,0,253,0,0,0,0,0,0,0,0,0,0,0,0,0,0,0,0,0
2026-09-28T17:37:52Z,161,0,0,0,0,0,9854924,1467,6709035,0,0,0,0,0,0,5175,0,0,0,0,0,0,0,319,8,0,-8,1,6,2468,0,0,0,0,0, ,0,0,0,0,0,0,5175,0,0,0,943,1,369,0,0,0,0,0,0,0,0,0,0,0,0,0,0,0,0,0,0,0,0,0,0,0,0,0,0,0,0,0,0,0,0,0,0,0,1790607530214,3145728,0,0,0,0,0,0,0,0,0,0,0,3,0,0,0,0,0,0,0,0,0,0,0,0,0,0,0,0,0,0,0,0,0,0,0,3,6,150244216,-1,0,0,0,0,0,0,0,0,0,0,0,0,0,0,0,0,0,0,0,0,0,0,0,0,0,0,0,0,0,5084,0,91,0,0,0,0,0,0,0,0,0,0,0,0,0,0,0,0,0
2026-09-28T17:38:52Z,161,0,0,0,0,0,9923700,1467,6777811,0,0,0,0,0,0,6242,0,0,0,0,0,0,0,325,8,0,-8,1,6,2893,0,0,0,0,0, ,0,0,0,0,0,0,6242,0,0,0,943,1,369,0,0,0,0,0,0,0,0,0,0,0,0,0,0,0,0,0,0,0,0,0,0,0,0,0,0,0,0,0,0,0,0,0,0,0,1790607530214,3145728,0,0,0,0,0,0,0,0,0,0,0,3,0,0,0,0,0,0,0,0,0,0,0,0,0,0,0,0,0,0,0,0,0,0,0,4,7,55207248,-1,0,0,0,0,0,0,0,0,0,0,0,0,0,0,0,0,0,0,0,0,0,0,0,0,0,0,0,0,0,5995,0,241,0,0,0,0,0,0,0,0,0,0,0,0,0,0,0,0,0
2026-09-28T17:39:52Z,161,0,0,0,0,0,9962364,1467,6816475,0,0,0,0,0,0,6442,0,0,0,0,0,0,0,330,8,0,-8,1,6,3342,0,0,0,0,0, ,0,0,0,0,0,0,6442,0,0,0,943,1,369,0,0,0,0,0,0,0,0,0,0,0,0,0,0,0,0,0,0,0,0,0,0,0,0,0,0,0,0,0,0,0,0,0,0,0,1790607530214,3145728,0,0,0,0,0,0,0,0,0,0,0,3,0,0,0,0,0,0,0,0,0,0,0,0,0,0,0,0,0,0,0,0,0,0,0,3,5,132502456,-1,0,0,0,0,0,0,0,0,0,0,0,0,0,0,0,0,0,0,0,0,0,0,0,0,0,0,0,0,0,6309,0,128,0,0,0,0,0,0,0,0,0,0,0,0,0,0,0,0,0
2026-09-28T17:40:52Z,161,0,0,0,0,0,9966708,1467,6820819,0,0,0,0,0,0,5259,0,0,0,0,0,0,0,331,8,0,-8,1,6,2598,0,0,0,0,0, ,0,0,0,0,0,0,5255,0,0,0,943,1,369,0,0,0,0,0,0,0,0,0,0,0,0,0,0,0,0,0,0,0,0,0,0,0,0,0,0,0,0,0,0,0,0,0,0,0,1790607530214,3145728,0,0,0,0,0,0,0,0,0,0,0,3,0,0,0,0,0,0,0,0,0,0,0,0,0,0,0,0,0,0,0,0,0,0,0,3,5,168029184,-1,0,0,0,0,0,0,0,0,0,0,0,0,0,0,50,0,2,0,100,0,0,0,0,0,0,0,0,0,0,5184,0,70,0,0,0,0,0,0,0,0,0,0,0,0,0,0,0,0,0
2026-09-28T17:41:52Z,161,0,0,0,0,0,9979548,1467,6833659,0,0,0,0,0,0,5599,0,0,0,0,0,0,0,331,8,0,-8,1,6,2672,0,0,0,0,0, ,0,0,0,0,0,0,5599,0,0,0,943,1,369,0,0,0,0,0,0,0,0,0,0,0,0,0,0,0,0,0,0,0,0,0,0,0,0,0,0,0,0,0,0,0,0,0,0,0,1790607530214,3145728,0,0,0,0,0,0,0,0,0,0,0,3,0,0,0,0,0,0,0,0,0,0,0,0,0,0,0,0,0,0,0,0,0,0,0,4,7,86837144,-1,0,0,0,0,0,0,0,0,0,0,0,0,0,0,0,0,0,0,0,0,0,0,0,0,0,0,0,0,0,5507,0,92,0,0,0,0,0,0,0,0,0,0,0,0,0,0,0,0,0
2026-09-28T17:42:52Z,161,0,0,0,0,0,10008036,1467,6862147,0,0,0,0,0,0,4602,0,0,0,0,0,0,0,333,8,0,-8,1,6,2061,0,0,0,0,0, ,0,0,0,0,0,0,4602,0,0,0,943,1,369,0,0,0,0,0,0,0,0,0,0,0,0,0,0,0,0,0,0,0,0,0,0,0,0,0,0,0,0,0,0,0,0,0,0,0,1790607530214,3145728,0,0,0,0,0,0,0,0,0,0,0,3,0,0,0,0,0,0,0,0,0,0,0,0,0,0,0,0,0,0,0,0,0,0,0,2,3,180454816,-1,0,0,0,0,0,0,0,0,0,0,0,0,0,0,0,0,0,0,0,0,0,0,0,0,0,0,0,0,0,4451,0,149,0,0,0,0,0,0,0,0,0,0,0,0,0,0,0,0,0
2026-09-28T17:43:52Z,161,0,0,0,0,0,10002108,1467,6856219,0,0,0,0,0,0,5557,0,0,0,0,0,0,0,332,8,0,-9,1,6,2839,0,0,0,0,0, ,0,0,0,0,0,0,5547,0,0,0,943,1,369,0,0,0,0,0,0,0,0,0,0,0,0,0,0,0,0,0,0,0,0,0,0,0,0,0,0,0,0,0,0,0,0,0,0,0,1790607530214,3145728,0,0,0,0,0,0,0,0,0,0,0,3,0,0,0,0,0,0,0,0,0,0,0,0,0,0,0,0,0,0,0,0,0,0,0,4,7,93975760,-1,0,0,0,0,0,0,0,0,0,0,0,0,1,0,50,0,2,0,100,0,0,0,0,0,0,0,0,0,0,5466,0,81,0,0,0,0,0,0,0,0,0,0,0,0,0,0,0,0,0
2026-09-28T17:44:52Z,161,0,0,0,0,0,10016876,1467,6870987,0,0,0,0,0,0,4685,0,0,0,0,0,0,0,333,8,0,-9,1,6,2342,0,0,0,0,0, ,0,0,0,0,0,0,4685,0,0,0,943,1,369,0,0,0,0,0,0,0,0,0,0,0,0,0,0,0,0,0,0,0,0,0,0,0,0,0,0,0,0,0,0,0,0,0,0,0,1790607530214,3145728,0,0,0,0,0,0,0,0,0,0,0,3,0,0,0,0,0,0,0,0,0,0,0,0,0,0,0,0,0,0,0,0,0,0,0,3,6,73206800,-1,0,0,0,0,0,0,0,0,0,0,0,0,0,0,0,0,0,0,0,0,0,0,0,0,0,0,0,0,0,4651,0,33,0,0,0,0,0,0,0,0,0,0,0,0,0,0,0,0,0
2026-09-28T17:45:52Z,161,0,0,0,0,0,10027852,1467,6881963,0,0,0,0,0,0,4540,0,0,0,0,0,0,0,333,8,0,-9,1,6,2110,0,0,0,0,0, ,0,0,0,0,0,0,4540,0,0,0,943,1,369,0,0,0,0,0,0,0,0,0,0,0,0,0,0,0,0,0,0,0,0,0,0,0,0,0,0,0,0,0,0,0,0,0,0,0,1790607530214,3145728,0,0,0,0,0,0,0,0,0,0,0,3,0,0,0,0,0,0,0,0,0,0,0,0,0,0,0,0,0,0,0,0,0,0,0,3,5,98622968,-1,0,0,0,0,0,0,0,0,0,0,0,0,0,0,0,0,0,0,0,0,0,0,0,0,0,0,0,0,0,4451,0,89,0,0,0,0,0,0,0,0,0,0,0,0,0,0,0,0,0
2026-09-28T17:46:52Z,161,0,0,0,0,0,10031404,1467,6885515,0,0,0,0,0,0,5102,0,0,0,0,0,0,0,333,8,0,-9,1,6,2534,0,0,0,0,0, ,0,0,0,0,0,0,5098,0,0,0,943,1,369,0,0,0,0,0,0,0,0,0,0,0,0,0,0,0,0,0,0,0,0,0,0,0,0,0,0,0,0,0,0,0,0,0,0,0,1790607530214,3145728,0,0,0,0,0,0,0,0,0,0,0,3,0,0,0,0,0,0,0,0,0,0,0,0,0,0,0,0,0,0,0,0,0,0,0,3,6,118763632,-1,0,0,0,0,0,0,0,0,0,0,0,0,0,0,50,0,2,0,100,0,0,0,0,0,0,0,0,0,0,4979,0,119,0,0,0,0,0,0,0,0,0,0,0,0,0,0,0,0,0
2026-09-28T17:47:52Z,161,0,0,0,0,0,10055428,1467,6909539,0,0,0,0,0,0,4703,0,0,0,0,0,0,0,334,9,0,-9,1,6,2220,0,0,0,0,0, ,0,0,0,0,0,0,4703,0,0,0,943,1,369,0,0,0,0,0,0,0,0,0,0,0,0,0,0,0,0,0,0,0,0,0,0,0,0,0,0,0,0,0,0,0,0,0,0,0,1790607530214,3145728,0,0,0,0,0,0,0,0,0,0,0,3,0,0,0,0,0,0,0,0,0,0,0,0,0,0,0,0,0,0,0,0,0,0,0,3,6,88112728,-1,0,0,0,0,0,0,0,0,0,0,0,0,0,0,0,0,0,0,0,0,0,0,0,0,0,0,0,0,0,4584,0,118,0,0,0,0,0,0,0,0,0,0,0,0,0,0,0,0,0
2026-09-28T17:48:52Z,161,0,0,0,0,0,10042876,1467,6896987,0,0,0,0,0,0,5389,0,0,0,0,0,0,0,334,9,0,-10,1,6,2876,0,0,0,0,0, ,0,0,0,0,0,0,5371,0,0,0,943,1,369,0,0,0,0,0,0,0,0,0,0,0,0,0,0,0,0,0,0,0,0,0,0,0,0,0,0,0,0,0,0,0,0,0,0,0,1790607530214,3145728,0,0,0,0,0,0,0,0,0,0,0,3,0,0,0,0,0,0,0,0,0,0,0,0,0,0,0,0,0,0,0,0,0,0,0,3,5,167249976,-1,0,0,0,0,0,0,0,0,0,0,0,0,1,0,150,0,6,0,300,0,0,0,0,0,0,0,0,0,0,5219,0,151,0,0,0,0,0,0,0,0,0,0,0,0,0,0,0,0,0
2026-09-28T17:49:52Z,161,0,0,0,0,0,10055444,1467,6909555,0,0,0,0,0,0,5695,0,0,0,0,0,0,0,335,9,0,-11,1,6,2863,0,0,0,0,0, ,0,0,0,0,0,0,5685,0,0,0,943,1,369,0,0,0,0,0,0,0,0,0,0,0,0,0,0,0,0,0,0,0,0,0,0,0,0,0,0,0,0,0,0,0,0,0,0,0,1790607530214,3145728,0,0,0,0,0,0,0,0,0,0,0,3,0,0,0,0,0,0,0,0,0,0,0,0,0,0,0,0,0,0,0,0,0,0,0,3,6,137320080,-1,0,0,0,0,0,0,0,0,0,0,0,0,1,0,50,0,2,0,100,0,0,0,0,0,0,0,0,0,0,5530,0,153,0,0,0,0,0,0,0,0,0,0,0,0,0,0,0,0,0
2026-09-28T17:50:52Z,161,0,0,0,0,0,10075836,1467,6929947,0,0,0,0,0,0,5823,0,0,0,0,0,0,0,336,9,0,-11,1,6,2957,0,0,0,0,0, ,0,0,0,0,0,0,5823,0,0,0,943,1,369,0,0,0,0,0,0,0,0,0,0,0,0,0,0,0,0,0,0,0,0,0,0,0,0,0,0,0,0,0,0,0,0,0,0,0,1790607530214,3145728,0,0,0,0,0,0,0,0,0,0,0,3,0,0,0,0,0,0,0,0,0,0,0,0,0,0,0,0,0,0,0,0,0,0,0,3,5,136382112,-1,0,0,0,0,0,0,0,0,0,0,0,0,0,0,0,0,0,0,0,0,0,0,0,0,0,0,0,0,0,5720,0,102,0,0,0,0,0,0,0,0,0,0,0,0,0,0,0,0,0
2026-09-28T17:51:52Z,161,0,0,0,0,0,10152220,1467,7006331,0,0,0,0,0,0,7326,0,0,0,0,0,0,0,342,9,0,-11,1,6,3499,0,0,0,0,0, ,0,0,0,0,0,0,7326,0,0,0,943,1,369,0,0,0,0,0,0,0,0,0,0,0,0,0,0,0,0,0,0,0,0,0,0,0,0,0,0,0,0,0,0,0,0,0,0,0,1790607530214,3145728,0,0,0,0,0,0,0,0,0,0,0,3,0,0,0,0,0,0,0,0,0,0,0,0,0,0,0,0,0,0,0,0,0,0,0,3,6,164030864,-1,0,0,0,0,0,0,0,0,0,0,0,0,0,0,0,0,0,0,0,0,0,0,0,0,0,0,0,0,0,6985,0,335,0,0,0,0,0,0,0,0,0,0,0,0,0,0,0,0,0
2026-09-28T17:52:52Z,161,0,0,0,0,0,10175468,1467,7029579,0,0,0,0,0,0,5814,0,0,0,0,0,0,0,345,9,0,-11,1,6,2892,0,0,0,0,0, ,0,0,0,0,0,0,5810,0,0,0,943,1,369,0,0,0,0,0,0,0,0,0,0,0,0,0,0,0,0,0,0,0,0,0,0,0,0,0,0,0,0,0,0,0,0,0,0,0,1790607530214,3145728,0,0,0,0,0,0,0,0,0,0,0,3,0,0,0,0,0,0,0,0,0,0,0,0,0,0,0,0,0,0,0,0,0,0,0,3,7,159842656,-1,0,0,0,0,0,0,0,0,0,0,0,0,0,0,50,0,2,0,100,0,0,0,0,0,0,0,0,0,0,5649,0,158,0,0,0,0,0,0,0,0,0,0,0,0,0,0,0,0,0
2026-09-28T17:53:52Z,161,0,0,0,0,0,10194396,1467,7048507,0,0,0,0,0,0,6042,0,0,0,0,0,0,0,346,9,0,-11,1,6,3040,0,0,0,0,0, ,0,0,0,0,0,0,6042,0,0,0,943,1,369,0,0,0,0,0,0,0,0,0,0,0,0,0,0,0,0,0,0,0,0,0,0,0,0,0,0,0,0,0,0,0,0,0,0,0,1790607530214,3145728,0,0,0,0,0,0,0,0,0,0,0,3,0,0,0,0,0,0,0,0,0,0,0,0,0,0,0,0,0,0,0,0,0,0,0,4,7,43077672,-1,0,0,0,0,0,0,0,0,0,0,0,0,0,0,0,0,0,0,0,0,0,0,0,0,0,0,0,0,0,5957,0,84,0,0,0,0,0,0,0,0,0,0,0,0,0,0,0,0,0
2026-09-28T17:54:52Z,161,0,0,0,0,0,10221924,1467,7076035,0,0,0,0,0,0,6093,0,0,0,0,0,0,0,348,9,0,-11,1,6,3018,0,0,0,0,0, ,0,0,0,0,0,0,6093,0,0,0,943,1,369,0,0,0,0,0,0,0,0,0,0,0,0,0,0,0,0,0,0,0,0,0,0,0,0,0,0,0,0,0,0,0,0,0,0,0,1790607530214,3145728,0,0,0,0,0,0,0,0,0,0,0,3,0,0,0,0,0,0,0,0,0,0,0,0,0,0,0,0,0,0,0,0,0,0,0,2,3,196477416,-1,0,0,0,0,0,0,0,0,0,0,0,0,0,0,0,0,0,0,0,0,0,0,0,0,0,0,0,0,0,5964,0,127,0,0,0,0,0,0,0,0,0,0,0,0,0,0,0,0,0
2026-09-28T17:55:52Z,161,0,0,0,0,0,10237316,1467,7091427,0,0,0,0,0,0,5835,0,0,0,0,0,0,0,349,9,0,-11,1,6,2942,0,0,0,0,0, ,0,0,0,0,0,0,5835,0,0,0,943,1,369,0,0,0,0,0,0,0,0,0,0,0,0,0,0,0,0,0,0,0,0,0,0,0,0,0,0,0,0,0,0,0,0,0,0,0,1790607530214,3145728,0,0,0,0,0,0,0,0,0,0,0,3,0,0,0,0,0,0,0,0,0,0,0,0,0,0,0,0,0,0,0,0,0,0,0,3,5,161890296,-1,0,0,0,0,0,0,0,0,0,0,0,0,0,0,0,0,0,0,0,0,0,0,0,0,0,0,0,0,0,5762,0,72,0,0,0,0,0,0,0,0,0,0,0,0,0,0,0,0,0
2026-09-28T17:56:52Z,161,0,0,0,0,0,10274420,1467,7128531,0,0,0,0,0,0,6841,0,0,0,0,0,0,0,351,9,0,-11,1,6,3263,0,0,0,0,0, ,0,0,0,0,0,0,6841,0,0,0,943,1,369,0,0,0,0,0,0,0,0,0,0,0,0,0,0,0,0,0,0,0,0,0,0,0,0,0,0,0,0,0,0,0,0,0,0,0,1790607530214,3145728,0,0,0,0,0,0,0,0,0,0,0,3,0,0,0,0,0,0,0,0,0,0,0,0,0,0,0,0,0,0,0,0,0,0,0,3,6,187693112,-1,0,0,0,0,0,0,0,0,0,0,0,0,0,0,0,0,0,0,0,0,0,0,0,0,0,0,0,0,0,6613,0,226,0,0,0,0,0,0,0,0,0,0,0,0,0,0,0,0,0
2026-09-28T17:57:52Z,161,0,0,0,0,0,10277748,1467,7131859,0,0,0,0,0,0,5847,0,0,0,0,0,0,0,351,9,0,-12,1,6,2957,0,0,0,0,0, ,0,0,0,0,0,0,5837,0,0,0,943,1,369,0,0,0,0,0,0,0,0,0,0,0,0,0,0,0,0,0,0,0,0,0,0,0,0,0,0,0,0,0,0,0,0,0,0,0,1790607530214,3145728,0,0,0,0,0,0,0,0,0,0,0,3,0,0,0,0,0,0,0,0,0,0,0,0,0,0,0,0,0,0,0,0,0,0,0,3,5,176318200,-1,0,0,0,0,0,0,0,0,0,0,0,0,1,0,50,0,2,0,100,0,0,0,0,0,0,0,0,0,0,5760,0,76,0,0,0,0,0,0,0,0,0,0,0,0,0,0,0,0,0
2026-09-28T17:58:52Z,161,0,0,0,0,0,10280268,1467,7134379,0,0,0,0,0,0,6299,0,0,0,0,0,0,0,351,9,0,-12,1,6,3255,0,0,0,0,0, ,0,0,0,0,0,0,6297,0,0,0,943,1,369,0,0,0,0,0,0,0,0,0,0,0,0,0,0,0,0,0,0,0,0,0,0,0,0,0,0,0,0,0,0,0,0,0,0,0,1790607530214,3145728,0,0,0,0,0,0,0,0,0,0,0,3,0,0,0,0,0,0,0,0,0,0,0,0,0,0,0,0,0,0,0,0,0,0,0,3,5,173579136,-1,0,0,0,0,0,0,0,0,0,0,1,0,0,0,50,0,2,0,100,0,0,0,0,0,0,0,0,0,0,6208,0,89,0,0,0,0,0,0,0,0,0,0,0,0,0,0,0,0,0
2026-09-28T17:59:52Z,161,0,0,0,0,0,10294484,1467,7148595,0,0,0,0,0,0,6097,0,0,0,0,0,0,0,352,9,0,-12,1,6,2983,0,0,0,0,0, ,0,0,0,0,0,0,6095,0,0,0,943,1,369,0,0,0,0,0,0,0,0,0,0,0,0,0,0,0,0,0,0,0,0,0,0,0,0,0,0,0,0,0,0,0,0,0,0,0,1790607530214,3145728,0,0,0,0,0,0,0,0,0,0,0,3,0,0,0,0,0,0,0,0,0,0,0,0,0,0,0,0,0,0,0,0,0,0,0,3,5,104460752,-1,0,0,0,0,0,0,0,0,0,0,0,0,0,0,0,0,0,0,0,0,0,0,0,0,0,0,0,0,0,6028,0,66,0,0,0,0,0,0,0,0,0,0,0,0,0,0,0,0,0
2026-09-28T18:00:52Z,161,0,0,0,0,0,10296996,1467,7151107,0,0,0,0,0,0,5188,0,0,0,0,0,0,0,353,9,0,-12,1,6,2436,0,0,0,0,0, ,0,0,0,0,0,0,5184,0,0,0,943,1,369,0,0,0,0,0,0,0,0,0,0,0,0,0,0,0,0,0,0,0,0,0,0,0,0,0,0,0,0,0,0,0,0,0,0,0,1790607530214,3145728,0,0,0,0,0,0,0,0,0,0,0,3,0,0,0,0,0,0,0,0,0,0,0,0,0,0,0,0,0,0,0,0,0,0,0,2,3,119755320,-1,0,0,0,0,0,0,0,0,0,0,0,0,0,0,50,0,2,0,100,0,0,0,0,0,0,0,0,0,0,5106,0,77,0,0,0,0,0,0,0,0,0,0,0,0,0,0,0,0,0
2026-09-28T18:01:52Z,161,0,0,0,0,0,10312164,1467,7166275,0,0,0,0,0,0,5075,0,0,0,0,0,0,0,353,9,0,-12,1,6,2323,0,0,0,0,0, ,0,0,0,0,0,0,5075,0,0,0,943,1,369,0,0,0,0,0,0,0,0,0,0,0,0,0,0,0,0,0,0,0,0,0,0,0,0,0,0,0,0,0,0,0,0,0,0,0,1790607530214,3145728,0,0,0,0,0,0,0,0,0,0,0,3,0,0,0,0,0,0,0,0,0,0,0,0,0,0,0,0,0,0,0,0,0,0,0,2,3,134202320,-1,0,0,0,0,0,0,0,0,0,0,0,0,0,0,0,0,0,0,0,0,0,0,0,0,0,0,0,0,0,4997,0,78,0,0,0,0,0,0,0,0,0,0,0,0,0,0,0,0,0
2026-09-28T18:02:52Z,161,0,0,0,0,0,10300260,1467,7154371,0,0,0,0,0,0,5478,0,0,0,0,0,0,0,352,9,0,-13,1,6,2735,0,0,0,0,0, ,0,0,0,0,0,0,5468,0,0,0,943,1,369,0,0,0,0,0,0,0,0,0,0,0,0,0,0,0,0,0,0,0,0,0,0,0,0,0,0,0,0,0,0,0,0,0,0,0,1790607530214,3145728,0,0,0,0,0,0,0,0,0,0,0,3,0,0,0,0,0,0,0,0,0,0,0,0,0,0,0,0,0,0,0,0,0,0,0,2,4,161792240,-1,0,0,0,0,0,0,0,0,0,0,0,0,1,0,50,0,2,0,100,0,0,0,0,0,0,0,0,0,0,5435,0,33,0,0,0,0,0,0,0,0,0,0,0,0,0,0,0,0,0
2026-09-28T18:03:52Z,161,0,0,0,0,0,10312164,1467,7166275,0,0,0,0,0,0,5988,0,0,0,0,0,0,0,353,9,0,-13,1,6,2874,0,0,0,0,0, ,0,0,0,0,0,0,5988,0,0,0,943,1,369,0,0,0,0,0,0,0,0,0,0,0,0,0,0,0,0,0,0,0,0,0,0,0,0,0,0,0,0,0,0,0,0,0,0,0,1790607530214,3145728,0,0,0,0,0,0,0,0,0,0,0,3,0,0,0,0,0,0,0,0,0,0,0,0,0,0,0,0,0,0,0,0,0,0,0,3,5,63830296,-1,0,0,0,0,0,0,0,0,0,0,0,0,0,0,0,0,0,0,0,0,0,0,0,0,0,0,0,0,0,5946,0,41,0,0,0,0,0,0,0,0,0,0,0,0,0,0,0,0,0
2026-09-28T18:04:52Z,161,0,0,0,0,0,10306988,1467,7161099,0,0,0,0,0,0,5974,0,0,0,0,0,0,0,353,9,0,-13,1,6,2912,0,0,0,0,0, ,0,0,0,0,0,0,5970,0,0,0,943,1,369,0,0,0,0,0,0,0,0,0,0,0,0,0,0,0,0,0,0,0,0,0,0,0,0,0,0,0,0,0,0,0,0,0,0,0,1790607530214,3145728,0,0,0,0,0,0,0,0,0,0,0,3,0,0,0,0,0,0,0,0,0,0,0,0,0,0,0,0,0,0,0,0,0,0,0,2,4,112718328,-1,0,0,0,0,0,0,0,0,0,0,0,0,0,0,50,0,2,0,100,0,0,0,0,0,0,0,0,0,0,5920,0,50,0,0,0,0,0,0,0,0,0,0,0,0,0,0,0,0,0
2026-09-28T18:05:52Z,161,0,0,0,0,0,10323780,1467,7177891,0,0,0,0,0,0,5678,0,0,0,0,0,0,0,355,9,0,-13,1,6,2807,0,0,0,0,0, ,0,0,0,0,0,0,5678,0,0,0,943,1,369,0,0,0,0,0,0,0,0,0,0,0,0,0,0,0,0,0,0,0,0,0,0,0,0,0,0,0,0,0,0,0,0,0,0,0,1790607530214,3145728,0,0,0,0,0,0,0,0,0,0,0,3,0,0,0,0,0,0,0,0,0,0,0,0,0,0,0,0,0,0,0,0,0,0,0,2,3,167960096,-1,0,0,0,0,0,0,0,0,0,0,0,0,0,0,0,0,0,0,0,0,0,0,0,0,0,0,0,0,0,5629,0,47,0,0,0,0,0,0,0,0,0,0,0,0,0,0,0,0,0
2026-09-28T18:06:52Z,161,0,0,0,0,0,10335476,1467,7189587,0,0,0,0,0,0,6322,0,0,0,0,0,0,0,356,9,0,-13,1,6,3070,0,0,0,0,0, ,0,0,0,0,0,0,6322,0,0,0,943,1,369,0,0,0,0,0,0,0,0,0,0,0,0,0,0,0,0,0,0,0,0,0,0,0,0,0,0,0,0,0,0,0,0,0,0,0,1790607530214,3145728,0,0,0,0,0,0,0,0,0,0,0,3,0,0,0,0,0,0,0,0,0,0,0,0,0,0,0,0,0,0,0,0,0,0,0,3,5,103182664,-1,0,0,0,0,0,0,0,0,0,0,0,0,0,0,0,0,0,0,0,0,0,0,0,0,0,0,0,0,0,6263,0,58,0,0,0,0,0,0,0,0,0,0,0,0,0,0,0,0,0
2026-09-28T18:07:52Z,161,0,0,0,0,0,10343748,1467,7197859,0,0,0,0,0,0,5802,0,0,0,0,0,0,0,357,9,0,-13,1,6,2831,0,0,0,0,0, ,0,0,0,0,0,0,5802,0,0,0,943,1,369,0,0,0,0,0,0,0,0,0,0,0,0,0,0,0,0,0,0,0,0,0,0,0,0,0,0,0,0,0,0,0,0,0,0,0,1790607530214,3145728,0,0,0,0,0,0,0,0,0,0,0,3,0,0,0,0,0,0,0,0,0,0,0,0,0,0,0,0,0,0,0,0,0,0,0,2,3,176238592,-1,0,0,0,0,0,0,0,0,0,0,0,0,0,0,0,0,0,0,0,0,0,0,0,0,0,0,0,0,0,5742,0,59,0,0,0,0,0,0,0,0,0,0,0,0,0,0,0,0,0
2026-09-28T18:08:52Z,161,0,0,0,0,0,10346924,1467,7201035,0,0,0,0,0,0,5206,0,0,0,0,0,0,0,357,9,0,-13,1,6,2493,0,0,0,0,0, ,0,0,0,0,0,0,5206,0,0,0,943,1,369,0,0,0,0,0,0,0,0,0,0,0,0,0,0,0,0,0,0,0,0,0,0,0,0,0,0,0,0,0,0,0,0,0,0,0,1790607530214,3145728,0,0,0,0,0,0,0,0,0,0,0,3,0,0,0,0,0,0,0,0,0,0,0,0,0,0,0,0,0,0,0,0,0,0,0,3,5,68626072,-1,0,0,0,0,0,0,0,0,0,0,0,0,0,0,0,0,0,0,0,0,0,0,0,0,0,0,0,0,0,5175,0,31,0,0,0,0,0,0,0,0,0,0,0,0,0,0,0,0,0
2026-09-28T18:09:52Z,161,0,0,0,0,0,10350788,1467,7204899,0,0,0,0,0,0,5706,0,0,0,0,0,0,0,357,9,0,-13,1,6,2791,0,0,0,0,0, ,0,0,0,0,0,0,5700,0,0,0,943,1,369,0,0,0,0,0,0,0,0,0,0,0,0,0,0,0,0,0,0,0,0,0,0,0,0,0,0,0,0,0,0,0,0,0,0,0,1790607530214,3145728,0,0,0,0,0,0,0,0,0,0,0,3,0,0,0,0,0,0,0,0,0,0,0,0,0,0,0,0,0,0,0,0,0,0,0,3,4,44192632,-1,0,0,0,0,0,0,0,0,0,0,2,0,0,0,50,0,2,0,100,0,0,0,0,0,0,0,0,0,0,5589,0,111,0,0,0,0,0,0,0,0,0,0,0,0,0,0,0,0,0
2026-09-28T18:10:52Z,161,0,0,0,0,0,10358972,1467,7213083,0,0,0,0,0,0,5579,0,0,0,0,0,0,0,356,9,0,-14,1,6,2713,0,0,0,0,0, ,0,0,0,0,0,0,5575,0,0,0,943,1,369,0,0,0,0,0,0,0,0,0,0,0,0,0,0,0,0,0,0,0,0,0,0,0,0,0,0,0,0,0,0,0,0,0,0,0,1790607530214,3145728,0,0,0,0,0,0,0,0,0,0,0,3,0,0,0,0,0,0,0,0,0,0,0,0,0,0,0,0,0,0,0,0,0,0,0,2,3,145167904,-1,0,0,0,0,0,0,0,0,0,0,0,0,1,0,0,0,0,0,0,0,0,0,0,0,0,0,0,0,0,5518,0,57,0,0,0,0,0,0,0,0,0,0,0,0,0,0,0,0,0
2026-09-28T18:11:52Z,161,0,0,0,0,0,10353500,1467,7207611,0,0,0,0,0,0,5092,0,0,0,0,0,0,0,357,9,0,-14,1,6,2580,0,0,0,0,0, ,0,0,0,0,0,0,5088,0,0,0,943,1,369,0,0,0,0,0,0,0,0,0,0,0,0,0,0,0,0,0,0,0,0,0,0,0,0,0,0,0,0,0,0,0,0,0,0,0,1790607530214,3145728,0,0,0,0,0,0,0,0,0,0,0,3,0,0,0,0,0,0,0,0,0,0,0,0,0,0,0,0,0,0,0,0,0,0,0,3,5,69742024,-1,0,0,0,0,0,0,0,0,0,0,0,0,0,0,50,0,2,0,100,0,0,0,0,0,0,0,0,0,0,5036,0,51,0,0,0,0,0,0,0,0,0,0,0,0,0,0,0,0,0
2026-09-28T18:12:52Z,161,0,0,0,0,0,10375532,1467,7229643,0,0,0,0,0,0,5616,0,0,0,0,0,0,0,358,9,0,-14,1,6,2943,0,0,0,0,0, ,0,0,0,0,0,0,5616,0,0,0,943,1,369,0,0,0,0,0,0,0,0,0,0,0,0,0,0,0,0,0,0,0,0,0,0,0,0,0,0,0,0,0,0,0,0,0,0,0,1790607530214,3145728,0,0,0,0,0,0,0,0,0,0,0,3,0,0,0,0,0,0,0,0,0,0,0,0,0,0,0,0,0,0,0,0,0,0,0,3,6,83941712,-1,0,0,0,0,0,0,0,0,0,0,0,0,0,0,0,0,0,0,0,0,0,0,0,0,0,0,0,0,0,5519,0,96,0,0,0,0,0,0,0,0,0,0,0,0,0,0,0,0,0
2026-09-28T18:13:52Z,161,0,0,0,0,0,10358444,1467,7212555,0,0,0,0,0,0,5690,0,0,0,0,0,0,0,357,9,0,-15,1,6,3303,0,0,0,0,0, ,0,0,0,0,0,0,5674,0,0,0,943,1,369,0,0,0,0,0,0,0,0,0,0,0,0,0,0,0,0,0,0,0,0,0,0,0,0,0,0,0,0,0,0,0,0,0,0,0,1790607530214,3145728,0,0,0,0,0,0,0,0,0,0,0,3,0,0,0,0,0,0,0,0,0,0,0,0,0,0,0,0,0,0,0,0,0,0,0,3,5,52977952,-1,0,0,0,0,0,0,0,0,0,0,0,0,1,0,150,0,6,0,300,0,0,0,0,0,0,0,0,0,0,5600,0,74,0,0,0,0,0,0,0,0,0,0,0,0,0,0,0,0,0
2026-09-28T18:14:52Z,161,0,0,0,0,0,10356804,1467,7210915,0,0,0,0,0,0,5623,0,0,0,0,0,0,0,356,9,0,-16,1,6,2976,0,0,0,0,0, ,0,0,0,0,0,0,5613,0,0,0,943,1,369,0,0,0,0,0,0,0,0,0,0,0,0,0,0,0,0,0,0,0,0,0,0,0,0,0,0,0,0,0,0,0,0,0,0,0,1790607530214,3145728,0,0,0,0,0,0,0,0,0,0,0,3,0,0,0,0,0,0,0,0,0,0,0,0,0,0,0,0,0,0,0,0,0,0,0,3,6,114434000,-1,0,0,0,0,0,0,0,0,0,0,0,0,1,0,50,0,2,0,100,0,0,0,0,0,0,0,0,0,0,5524,0,89,0,0,0,0,0,0,0,0,0,0,0,0,0,0,0,0,0
2026-09-28T18:15:52Z,161,0,0,0,0,0,10363156,1467,7217267,0,0,0,0,0,0,4678,0,0,0,0,0,0,0,356,9,0,-16,1,6,2310,0,0,0,0,0, ,0,0,0,0,0,0,4678,0,0,0,943,1,369,0,0,0,0,0,0,0,0,0,0,0,0,0,0,0,0,0,0,0,0,0,0,0,0,0,0,0,0,0,0,0,0,0,0,0,1790607530214,3145728,0,0,0,0,0,0,0,0,0,0,0,3,0,0,0,0,0,0,0,0,0,0,0,0,0,0,0,0,0,0,0,0,0,0,0,3,5,98270128,-1,0,0,0,0,0,0,0,0,0,0,0,0,0,0,0,0,0,0,0,0,0,0,0,0,0,0,0,0,0,4630,0,48,0,0,0,0,0,0,0,0,0,0,0,0,0,0,0,0,0
2026-09-28T18:16:52Z,161,0,0,0,0,0,10386916,1467,7241027,0,0,0,0,0,0,4826,0,0,0,0,0,0,0,357,9,0,-16,1,6,2279,0,0,0,0,0, ,0,0,0,0,0,0,4826,0,0,0,943,1,369,0,0,0,0,0,0,0,0,0,0,0,0,0,0,0,0,0,0,0,0,0,0,0,0,0,0,0,0,0,0,0,0,0,0,0,1790607530214,3145728,0,0,0,0,0,0,0,0,0,0,0,3,0,0,0,0,0,0,0,0,0,0,0,0,0,0,0,0,0,0,0,0,0,0,0,3,6,127918016,-1,0,0,0,0,0,0,0,0,0,0,0,0,0,0,0,0,0,0,0,0,0,0,0,0,0,0,0,0,0,4752,0,73,0,0,0,0,0,0,0,0,0,0,0,0,0,0,0,0,0
2026-09-28T18:17:52Z,161,0,0,0,0,0,10409548,1467,7263659,0,0,0,0,0,0,5666,0,0,0,0,0,0,0,361,9,0,-16,1,6,2867,0,0,0,0,0, ,0,0,0,0,0,0,5662,0,0,0,943,1,369,0,0,0,0,0,0,0,0,0,0,0,0,0,0,0,0,0,0,0,0,0,0,0,0,0,0,0,0,0,0,0,0,0,0,0,1790607530214,3145728,0,0,0,0,0,0,0,0,0,0,0,3,0,0,0,0,0,0,0,0,0,0,0,0,0,0,0,0,0,0,0,0,0,0,0,3,5,198461544,-1,0,0,0,0,0,0,0,0,0,0,0,0,0,0,50,0,2,0,100,0,0,0,0,0,0,0,0,0,0,5521,0,137,0,0,0,0,0,0,0,0,0,0,0,0,0,0,0,0,0
2026-09-28T18:18:52Z,161,0,0,0,0,0,10421540,1467,7275651,0,0,0,0,0,0,5115,0,0,0,0,0,0,0,363,9,0,-16,1,6,2691,0,0,0,0,0, ,0,0,0,0,0,0,5115,0,0,0,943,1,369,0,0,0,0,0,0,0,0,0,0,0,0,0,0,0,0,0,0,0,0,0,0,0,0,0,0,0,0,0,0,0,0,0,0,0,1790607530214,3145728,0,0,0,0,0,0,0,0,0,0,0,3,0,0,0,0,0,0,0,0,0,0,0,0,0,0,0,0,0,0,0,0,0,0,0,4,7,72396912,-1,0,0,0,0,0,0,0,0,0,0,0,0,0,0,0,0,0,0,0,0,0,0,0,0,0,0,0,0,0,5064,0,49,0,0,0,0,0,0,0,0,0,0,0,0,0,0,0,0,0
2026-09-28T18:19:52Z,161,0,0,0,0,0,10440028,1467,7294139,0,0,0,0,0,0,4198,0,0,0,0,0,0,0,363,9,0,-16,1,6,1852,0,0,0,0,0, ,0,0,0,0,0,0,4198,0,0,0,943,1,369,0,0,0,0,0,0,0,0,0,0,0,0,0,0,0,0,0,0,0,0,0,0,0,0,0,0,0,0,0,0,0,0,0,0,0,1790607530214,3145728,0,0,0,0,0,0,0,0,0,0,0,3,0,0,0,0,0,0,0,0,0,0,0,0,0,0,0,0,0,0,0,0,0,0,0,3,4,161264280,-1,0,0,0,0,0,0,0,0,0,0,0,0,0,0,0,0,0,0,0,0,0,0,0,0,0,0,0,0,0,4108,0,90,0,0,0,0,0,0,0,0,0,0,0,0,0,0,0,0,0
2026-09-28T18:20:52Z,161,0,0,0,0,0,10482508,1467,7336619,0,0,0,0,0,0,5540,0,0,0,0,0,0,0,365,9,0,-16,1,6,2326,0,0,0,0,0, ,0,0,0,0,0,0,5540,0,0,0,943,1,369,0,0,0,0,0,0,0,0,0,0,0,0,0,0,0,0,0,0,0,0,0,0,0,0,0,0,0,0,0,0,0,0,0,0,0,1790607530214,3145728,0,0,0,0,0,0,0,0,0,0,0,3,0,0,0,0,0,0,0,0,0,0,0,0,0,0,0,0,0,0,0,0,0,0,0,4,7,85419728,-1,0,0,0,0,0,0,0,0,0,0,0,0,0,0,0,0,0,0,0,0,0,0,0,0,0,0,0,0,0,5254,0,284,0,0,0,0,0,0,0,0,0,0,0,0,0,0,0,0,0
2026-09-28T18:21:52Z,161,0,0,0,0,0,10494340,1467,7348451,0,0,0,0,0,0,5030,0,0,0,0,0,0,0,365,9,0,-16,1,6,2439,0,0,0,0,0, ,0,0,0,0,0,0,5030,0,0,0,943,1,369,0,0,0,0,0,0,0,0,0,0,0,0,0,0,0,0,0,0,0,0,0,0,0,0,0,0,0,0,0,0,0,0,0,0,0,1790607530214,3145728,0,0,0,0,0,0,0,0,0,0,0,3,0,0,0,0,0,0,0,0,0,0,0,0,0,0,0,0,0,0,0,0,0,0,0,3,6,159442472,-1,0,0,0,0,0,0,0,0,0,0,0,0,0,0,0,0,0,0,0,0,0,0,0,0,0,0,0,0,0,4948,0,82,0,0,0,0,0,0,0,0,0,0,0,0,0,0,0,0,0
2026-09-28T18:22:52Z,161,0,0,0,0,0,10501300,1467,7355411,0,0,0,0,0,0,5510,0,0,0,0,0,0,0,366,9,0,-16,1,6,2790,0,0,0,0,0, ,0,0,0,0,0,0,5506,0,0,0,943,1,369,0,0,0,0,0,0,0,0,0,0,0,0,0,0,0,0,0,0,0,0,0,0,0,0,0,0,0,0,0,0,0,0,0,0,0,1790607530214,3145728,0,0,0,0,0,0,0,0,0,0,0,3,0,0,0,0,0,0,0,0,0,0,0,0,0,0,0,0,0,0,0,0,0,0,0,4,7,86320256,-1,0,0,0,0,0,0,0,0,0,0,0,0,0,0,50,0,2,0,100,0,0,0,0,0,0,0,0,0,0,5422,0,83,0,0,0,0,0,0,0,0,0,0,0,0,0,0,0,0,0
2026-09-28T18:23:52Z,161,0,0,0,0,0,10584564,1467,7438675,0,0,0,0,0,0,5671,0,0,0,0,0,0,0,372,9,0,-16,1,6,2492,0,0,0,0,0, ,0,0,0,0,0,0,5671,0,0,0,943,1,369,0,0,0,0,0,0,0,0,0,0,0,0,0,0,0,0,0,0,0,0,0,0,0,0,0,0,0,0,0,0,0,0,0,0,0,1790607530214,3145728,0,0,0,0,0,0,0,0,0,0,0,3,0,0,0,0,0,0,0,0,0,0,0,0,0,0,0,0,0,0,0,0,0,0,0,3,5,156712992,-1,0,0,0,0,0,0,0,0,0,0,0,0,0,0,0,0,0,0,0,0,0,0,0,0,0,0,0,0,0,5374,0,291,0,0,0,0,0,0,0,0,0,0,0,0,0,0,0,0,0
2026-09-28T18:24:52Z,161,0,0,0,0,0,10578980,1467,7433091,0,0,0,0,0,0,4646,0,0,0,0,0,0,0,371,9,0,-17,1,6,2386,0,0,0,0,0, ,0,0,0,0,0,0,4636,0,0,0,943,1,369,0,0,0,0,0,0,0,0,0,0,0,0,0,0,0,0,0,0,0,0,0,0,0,0,0,0,0,0,0,0,0,0,0,0,0,1790607530214,3145728,0,0,0,0,0,0,0,0,0,0,0,3,0,0,0,0,0,0,0,0,0,0,0,0,0,0,0,0,0,0,0,0,0,0,0,3,6,210303536,-1,0,0,0,0,0,0,0,0,0,0,0,0,1,0,50,0,2,0,100,0,0,0,0,0,0,0,0,0,0,4582,0,54,0,0,0,0,0,0,0,0,0,0,0,0,0,0,0,0,0
2026-09-28T18:25:52Z,161,0,0,0,0,0,10616236,1467,7470347,0,0,0,0,0,0,5128,0,0,0,0,0,0,0,376,9,0,-17,1,6,2183,0,0,0,0,0, ,0,0,0,0,0,0,5124,0,0,0,943,1,369,0,0,0,0,0,0,0,0,0,0,0,0,0,0,0,0,0,0,0,0,0,0,0,0,0,0,0,0,0,0,0,0,0,0,0,1790607530214,3145728,0,0,0,0,0,0,0,0,0,0,0,3,0,0,0,0,0,0,0,0,0,0,0,0,0,0,0,0,0,0,0,0,0,0,0,4,8,117388712,-1,0,0,0,0,0,0,0,0,0,0,0,0,0,0,50,0,2,0,100,0,0,0,0,0,0,0,0,0,0,4836,0,283,0,0,0,0,0,0,0,0,0,0,0,0,0,0,0,0,0
2026-09-28T18:26:52Z,161,0,0,0,0,0,10625020,1467,7479131,0,0,0,0,0,0,4109,0,0,0,0,0,0,0,376,9,0,-17,1,6,1948,0,0,0,0,0, ,0,0,0,0,0,0,4109,0,0,0,943,1,369,0,0,0,0,0,0,0,0,0,0,0,0,0,0,0,0,0,0,0,0,0,0,0,0,0,0,0,0,0,0,0,0,0,0,0,1790607530214,3145728,0,0,0,0,0,0,0,0,0,0,0,3,0,0,0,0,0,0,0,0,0,0,0,0,0,0,0,0,0,0,0,0,0,0,0,3,5,62897680,-1,0,0,0,0,0,0,0,0,0,0,0,0,0,0,0,0,0,0,0,0,0,0,0,0,0,0,0,0,0,4070,0,39,0,0,0,0,0,0,0,0,0,0,0,0,0,0,0,0,0
2026-09-28T18:27:52Z,161,0,0,0,0,0,10638188,1467,7492299,0,0,0,0,0,0,4872,0,0,0,0,0,0,0,377,9,0,-17,1,6,2372,0,0,0,0,0, ,0,0,0,0,0,0,4872,0,0,0,943,1,369,0,0,0,0,0,0,0,0,0,0,0,0,0,0,0,0,0,0,0,0,0,0,0,0,0,0,0,0,0,0,0,0,0,0,0,1790607530214,3145728,0,0,0,0,0,0,0,0,0,0,0,3,0,0,0,0,0,0,0,0,0,0,0,0,0,0,0,0,0,0,0,0,0,0,0,3,6,103519984,-1,0,0,0,0,0,0,0,0,0,0,0,0,0,0,0,0,0,0,0,0,0,0,0,0,0,0,0,0,0,4805,0,66,0,0,0,0,0,0,0,0,0,0,0,0,0,0,0,0,0
2026-09-28T18:28:52Z,161,0,0,0,0,0,10654860,1467,7508971,0,0,0,0,0,0,4906,0,0,0,0,0,0,0,378,9,0,-17,1,6,2301,0,0,0,0,0, ,0,0,0,0,0,0,4906,0,0,0,943,1,369,0,0,0,0,0,0,0,0,0,0,0,0,0,0,0,0,0,0,0,0,0,0,0,0,0,0,0,0,0,0,0,0,0,0,0,1790607530214,3145728,0,0,0,0,0,0,0,0,0,0,0,3,0,0,0,0,0,0,0,0,0,0,0,0,0,0,0,0,0,0,0,0,0,0,0,3,6,151519992,-1,0,0,0,0,0,0,0,0,0,0,0,0,0,0,0,0,0,0,0,0,0,0,0,0,0,0,0,0,0,4821,0,84,0,0,0,0,0,0,0,0,0,0,0,0,0,0,0,0,0
2026-09-28T18:29:52Z,161,0,0,0,0,0,10644004,1467,7498115,0,0,0,0,0,0,5986,0,0,0,0,0,0,0,379,9,0,-18,1,6,3227,0,0,0,0,0, ,0,0,0,0,0,0,5972,0,0,0,943,1,369,0,0,0,0,0,0,0,0,0,0,0,0,0,0,0,0,0,0,0,0,0,0,0,0,0,0,0,0,0,0,0,0,0,0,0,1790607530214,3145728,0,0,0,0,0,0,0,0,0,0,0,3,0,0,0,0,0,0,0,0,0,0,0,0,0,0,0,0,0,0,0,0,0,0,0,4,7,77315856,-1,0,0,0,0,0,0,0,0,0,0,0,0,1,0,100,0,4,0,200,0,0,0,0,0,0,0,0,0,0,5885,0,85,0,0,0,0,0,0,0,0,0,0,0,0,0,0,0,0,0
2026-09-28T18:30:52Z,161,0,0,0,0,0,10688372,1467,7542483,0,0,0,0,0,0,6127,0,0,0,0,0,0,0,380,9,0,-18,1,6,2882,0,0,0,0,0, ,0,0,0,0,0,0,6127,0,0,0,943,1,369,0,0,0,0,0,0,0,0,0,0,0,0,0,0,0,0,0,0,0,0,0,0,0,0,0,0,0,0,0,0,0,0,0,0,0,1790607530214,3145728,0,0,0,0,0,0,0,0,0,0,0,3,0,0,0,0,0,0,0,0,0,0,0,0,0,0,0,0,0,0,0,0,0,0,0,3,5,152568648,-1,0,0,0,0,0,0,0,0,0,0,0,0,0,0,0,0,0,0,0,0,0,0,0,0,0,0,0,0,0,5895,0,231,0,0,0,0,0,0,0,0,0,0,0,0,0,0,0,0,0
2026-09-28T18:31:52Z,161,0,0,0,0,0,10731172,1467,7585283,0,0,0,0,0,0,5454,0,0,0,0,0,0,0,382,9,0,-18,1,6,2364,0,0,0,0,0, ,0,0,0,0,0,0,5454,0,0,0,943,1,369,0,0,0,0,0,0,0,0,0,0,0,0,0,0,0,0,0,0,0,0,0,0,0,0,0,0,0,0,0,0,0,0,0,0,0,1790607530214,3145728,0,0,0,0,0,0,0,0,0,0,0,3,0,0,0,0,0,0,0,0,0,0,0,0,0,0,0,0,0,0,0,0,0,0,0,4,8,55545976,-1,0,0,0,0,0,0,0,0,0,0,0,0,0,0,0,0,0,0,0,0,0,0,0,0,0,0,0,0,0,5249,0,203,0,0,0,0,0,0,0,0,0,0,0,0,0,0,0,0,0
2026-09-28T18:32:52Z,161,0,0,0,0,0,10774844,1467,7628955,0,0,0,0,0,0,6768,0,0,0,0,0,0,0,384,9,0,-18,1,6,3293,0,0,0,0,0, ,0,0,0,0,0,0,6768,0,0,0,943,1,369,0,0,0,0,0,0,0,0,0,0,0,0,0,0,0,0,0,0,0,0,0,0,0,0,0,0,0,0,0,0,0,0,0,0,0,1790607530214,3145728,0,0,0,0,0,0,0,0,0,0,0,3,0,0,0,0,0,0,0,0,0,0,0,0,0,0,0,0,0,0,0,0,0,0,0,3,5,101744528,-1,0,0,0,0,0,0,0,0,0,0,0,0,0,0,0,0,0,0,0,0,0,0,0,0,0,0,0,0,0,6524,0,242,0,0,0,0,0,0,0,0,0,0,0,0,0,0,0,0,0
2026-09-28T18:33:52Z,161,0,0,0,0,0,10810932,1467,7665043,0,0,0,0,0,0,5990,0,0,0,0,0,0,0,386,9,0,-18,1,6,2716,0,0,0,0,0, ,0,0,0,0,0,0,5990,0,0,0,943,1,369,0,0,0,0,0,0,0,0,0,0,0,0,0,0,0,0,0,0,0,0,0,0,0,0,0,0,0,0,0,0,0,0,0,0,0,1790607530214,3145728,0,0,0,0,0,0,0,0,0,0,0,3,0,0,0,0,0,0,0,0,0,0,0,0,0,0,0,0,0,0,0,0,0,0,0,3,5,141822160,-1,0,0,0,0,0,0,0,0,0,0,0,0,0,0,0,0,0,0,0,0,0,0,0,0,0,0,0,0,0,5755,0,233,0,0,0,0,0,0,0,0,0,0,0,0,0,0,0,0,0
2026-09-28T18:34:52Z,161,0,0,0,0,0,10821044,1467,7675155,0,0,0,0,0,0,5688,0,0,0,0,0,0,0,390,9,0,-18,1,6,2933,0,0,0,0,0, ,0,0,0,0,0,0,5678,0,0,0,943,1,369,0,0,0,0,0,0,0,0,0,0,0,0,0,0,0,0,0,0,0,0,0,0,0,0,0,0,0,0,0,0,0,0,0,0,0,1790607530214,3145728,0,0,0,0,0,0,0,0,0,0,0,3,0,0,0,0,0,0,0,0,0,0,0,0,0,0,0,0,0,0,0,0,0,0,0,3,5,168385656,-1,0,0,0,0,0,0,0,0,0,0,2,0,0,0,100,0,4,0,200,0,0,0,0,0,0,0,0,0,0,5503,0,171,0,0,0,0,0,0,0,0,0,0,0,0,0,0,0,0,0
2026-09-28T18:35:52Z,161,0,0,0,0,0,10858180,1467,7712291,0,0,0,0,0,0,6249,0,0,0,0,0,0,0,392,9,0,-19,1,6,2904,0,0,0,0,0, ,0,0,0,0,0,0,6245,0,0,0,943,1,369,0,0,0,0,0,0,0,0,0,0,0,0,0,0,0,0,0,0,0,0,0,0,0,0,0,0,0,0,0,0,0,0,0,0,0,1790607530214,3145728,0,0,0,0,0,0,0,0,0,0,0,3,0,0,0,0,0,0,0,0,0,0,0,0,0,0,0,0,0,0,0,0,0,0,0,4,7,43216648,-1,0,0,0,0,0,0,0,0,0,0,0,0,1,0,0,0,0,0,0,0,0,0,0,0,0,0,0,0,0,6031,0,211,0,0,0,0,0,0,0,0,0,0,0,0,0,0,0,0,0
2026-09-28T18:36:52Z,161,0,0,0,0,0,10870012,1467,7724123,0,0,0,0,0,0,6163,0,0,0,0,0,0,0,393,9,0,-19,1,6,3193,0,0,0,0,0, ,0,0,0,0,0,0,6159,0,0,0,943,1,369,0,0,0,0,0,0,0,0,0,0,0,0,0,0,0,0,0,0,0,0,0,0,0,0,0,0,0,0,0,0,0,0,0,0,0,1790607530214,3145728,0,0,0,0,0,0,0,0,0,0,0,3,0,0,0,0,0,0,0,0,0,0,0,0,0,0,0,0,0,0,0,0,0,0,0,3,5,107597824,-1,0,0,0,0,0,0,0,0,0,0,0,0,0,0,50,0,2,0,100,0,0,0,0,0,0,0,0,0,0,6047,0,111,0,0,0,0,0,0,0,0,0,0,0,0,0,0,0,0,0
2026-09-28T18:37:52Z,161,0,0,0,0,0,10889604,1467,7743715,0,0,0,0,0,0,6502,0,0,0,0,0,0,0,394,9,0,-19,1,6,3274,0,0,0,0,0, ,0,0,0,0,0,0,6502,0,0,0,943,1,369,0,0,0,0,0,0,0,0,0,0,0,0,0,0,0,0,0,0,0,0,0,0,0,0,0,0,0,0,0,0,0,0,0,0,0,1790607530214,3145728,0,0,0,0,0,0,0,0,0,0,0,3,0,0,0,0,0,0,0,0,0,0,0,0,0,0,0,0,0,0,0,0,0,0,0,3,6,173367664,-1,0,0,0,0,0,0,0,0,0,0,0,0,0,0,0,0,0,0,0,0,0,0,0,0,0,0,0,0,0,6394,0,107,0,0,0,0,0,0,0,0,0,0,0,0,0,0,0,0,0
2026-09-28T18:38:52Z,161,0,0,0,0,0,10875268,1467,7729379,0,0,0,0,0,0,6027,0,0,0,0,0,0,0,393,9,0,-20,1,6,3135,0,0,0,0,0, ,0,0,0,0,0,0,6011,0,0,0,943,1,369,0,0,0,0,0,0,0,0,0,0,0,0,0,0,0,0,0,0,0,0,0,0,0,0,0,0,0,0,0,0,0,0,0,0,0,1790607530214,3145728,0,0,0,0,0,0,0,0,0,0,0,3,0,0,0,0,0,0,0,0,0,0,0,0,0,0,0,0,0,0,0,0,0,0,0,3,5,166499040,-1,0,0,0,0,0,0,0,0,0,0,0,0,1,0,100,0,4,0,200,0,0,0,0,0,0,0,0,0,0,5905,0,106,0,0,0,0,0,0,0,0,0,0,0,0,0,0,0,0,0
2026-09-28T18:39:52Z,161,0,0,0,0,0,10894444,1467,7748555,0,0,0,0,0,0,6322,0,0,0,0,0,0,0,394,9,0,-20,1,6,3149,0,0,0,0,0, ,0,0,0,0,0,0,6322,0,0,0,943,1,369,0,0,0,0,0,0,0,0,0,0,0,0,0,0,0,0,0,0,0,0,0,0,0,0,0,0,0,0,0,0,0,0,0,0,0,1790607530214,3145728,0,0,0,0,0,0,0,0,0,0,0,3,0,0,0,0,0,0,0,0,0,0,0,0,0,0,0,0,0,0,0,0,0,0,0,3,6,166834208,-1,0,0,0,0,0,0,0,0,0,0,0,0,0,0,0,0,0,0,0,0,0,0,0,0,0,0,0,0,0,6233,0,88,0,0,0,0,0,0,0,0,0,0,0,0,0,0,0,0,0
2026-09-28T18:40:52Z,161,0,0,0,0,0,10918452,1467,7772563,0,0,0,0,0,0,6066,0,0,0,0,0,0,0,397,9,0,-20,1,6,3032,0,0,0,0,0, ,0,0,0,0,0,0,6066,0,0,0,943,1,369,0,0,0,0,0,0,0,0,0,0,0,0,0,0,0,0,0,0,0,0,0,0,0,0,0,0,0,0,0,0,0,0,0,0,0,1790607530214,3145728,0,0,0,0,0,0,0,0,0,0,0,3,0,0,0,0,0,0,0,0,0,0,0,0,0,0,0,0,0,0,0,0,0,0,0,3,5,186795328,-1,0,0,0,0,0,0,0,0,0,0,0,0,0,0,0,0,0,0,0,0,0,0,0,0,0,0,0,0,0,5992,0,71,0,0,0,0,0,0,0,0,0,0,0,0,0,0,0,0,0
2026-09-28T18:41:52Z,161,0,0,0,0,0,11008516,1467,7862627,0,0,0,0,0,0,6714,0,0,0,0,0,0,0,403,9,0,-20,1,6,2702,0,0,0,0,0, ,0,0,0,0,0,0,6714,0,0,0,943,1,369,0,0,0,0,0,0,0,0,0,0,0,0,0,0,0,0,0,0,0,0,0,0,0,0,0,0,0,0,0,0,0,0,0,0,0,1790607530214,3145728,0,0,0,0,0,0,0,0,0,0,0,3,0,0,0,0,0,0,0,0,0,0,0,0,0,0,0,0,0,0,0,0,0,0,0,3,5,166850456,-1,0,0,0,0,0,0,0,0,0,0,0,0,0,0,0,0,0,0,0,0,0,0,0,0,0,0,0,0,0,6203,0,505,0,0,0,0,0,0,0,0,0,0,0,0,0,0,0,0,0
2026-09-28T18:42:52Z,161,0,0,0,0,0,11084044,1467,7938155,0,0,0,0,0,0,6369,0,0,0,0,0,0,0,411,9,0,-21,1,6,2812,0,0,0,0,0, ,0,0,0,0,0,0,6355,0,0,0,943,1,369,0,0,0,0,0,0,0,0,0,0,0,0,0,0,0,0,0,0,0,0,0,0,0,0,0,0,0,0,0,0,0,0,0,0,0,1790607530214,3145728,0,0,0,0,0,0,0,0,0,0,0,3,0,0,0,0,0,0,0,0,0,0,0,0,0,0,0,0,0,0,0,0,0,0,0,4,8,61411240,-1,0,0,0,0,0,0,0,0,0,0,0,0,1,0,100,0,4,0,200,0,0,0,0,0,0,0,0,0,0,5941,0,405,0,0,0,0,0,0,0,0,0,0,0,0,0,0,0,0,0
2026-09-28T18:43:52Z,161,0,0,0,0,0,11103124,1467,7957235,0,0,0,0,0,0,6162,0,0,0,0,0,0,0,411,9,0,-21,1,6,3063,0,0,0,0,0, ,0,0,0,0,0,0,6162,0,0,0,943,1,369,0,0,0,0,0,0,0,0,0,0,0,0,0,0,0,0,0,0,0,0,0,0,0,0,0,0,0,0,0,0,0,0,0,0,0,1790607530214,3145728,0,0,0,0,0,0,0,0,0,0,0,3,0,0,0,0,0,0,0,0,0,0,0,0,0,0,0,0,0,0,0,0,0,0,0,3,5,106416560,-1,0,0,0,0,0,0,0,0,0,0,0,0,0,0,0,0,0,0,0,0,0,0,0,0,0,0,0,0,0,6046,0,116,0,0,0,0,0,0,0,0,0,0,0,0,0,0,0,0,0
2026-09-28T18:44:52Z,161,0,0,0,0,0,11134116,1467,7988227,0,0,0,0,0,0,5830,0,0,0,0,0,0,0,413,9,0,-21,1,6,2952,0,0,0,0,0, ,0,0,0,0,0,0,5830,0,0,0,943,1,369,0,0,0,0,0,0,0,0,0,0,0,0,0,0,0,0,0,0,0,0,0,0,0,0,0,0,0,0,0,0,0,0,0,0,0,1790607530214,3145728,0,0,0,0,0,0,0,0,0,0,0,3,0,0,0,0,0,0,0,0,0,0,0,0,0,0,0,0,0,0,0,0,0,0,0,3,5,94824096,-1,0,0,0,0,0,0,0,0,0,0,0,0,0,0,0,0,0,0,0,0,0,0,0,0,0,0,0,0,0,5717,0,111,0,0,0,0,0,0,0,0,0,0,0,0,0,0,0,0,0
2026-09-28T18:45:52Z,161,0,0,0,0,0,11159788,1467,8013899,0,0,0,0,0,0,7207,0,0,0,0,0,0,0,415,9,0,-21,1,6,3621,0,0,0,0,0, ,0,0,0,0,0,0,7207,0,0,0,943,1,369,0,0,0,0,0,0,0,0,0,0,0,0,0,0,0,0,0,0,0,0,0,0,0,0,0,0,0,0,0,0,0,0,0,0,0,1790607530214,3145728,0,0,0,0,0,0,0,0,0,0,0,3,0,0,0,0,0,0,0,0,0,0,0,0,0,0,0,0,0,0,0,0,0,0,0,4,7,57024568,-1,0,0,0,0,0,0,0,0,0,0,0,0,0,0,0,0,0,0,0,0,0,0,0,0,0,0,0,0,0,7071,0,134,0,0,0,0,0,0,0,0,0,0,0,0,0,0,0,0,0
2026-09-28T18:46:52Z,161,0,0,0,0,0,11206852,1467,8060963,0,0,0,0,0,0,6873,0,0,0,0,0,0,0,418,9,0,-21,1,6,3379,0,0,0,0,0, ,0,0,0,0,0,0,6873,0,0,0,943,1,369,0,0,0,0,0,0,0,0,0,0,0,0,0,0,0,0,0,0,0,0,0,0,0,0,0,0,0,0,0,0,0,0,0,0,0,1790607530214,3145728,0,0,0,0,0,0,0,0,0,0,0,3,0,0,0,0,0,0,0,0,0,0,0,0,0,0,0,0,0,0,0,0,0,0,0,3,6,137714080,-1,0,0,0,0,0,0,0,0,0,0,0,0,0,0,0,0,0,0,0,0,0,0,0,0,0,0,0,0,0,6665,0,205,0,0,0,0,0,0,0,0,0,0,0,0,0,0,0,0,0
2026-09-28T18:47:52Z,161,0,0,0,0,0,11210700,1467,8064811,0,0,0,0,0,0,6119,0,0,0,0,0,0,0,419,9,0,-21,1,6,3149,0,0,0,0,0, ,0,0,0,0,0,0,6115,0,0,0,943,1,369,0,0,0,0,0,0,0,0,0,0,0,0,0,0,0,0,0,0,0,0,0,0,0,0,0,0,0,0,0,0,0,0,0,0,0,1790607530214,3145728,0,0,0,0,0,0,0,0,0,0,0,3,0,0,0,0,0,0,0,0,0,0,0,0,0,0,0,0,0,0,0,0,0,0,0,3,5,193237584,-1,0,0,0,0,0,0,0,0,0,0,0,0,0,0,50,0,2,0,100,0,0,0,0,0,0,0,0,0,0,6029,0,85,0,0,0,0,0,0,0,0,0,0,0,0,0,0,0,0,0
2026-09-28T18:48:52Z,161,0,0,0,0,0,11292292,1467,8146403,0,0,0,0,0,0,7285,0,0,0,0,0,0,0,424,9,0,-21,1,6,3216,0,0,0,0,0, ,0,0,0,0,0,0,7285,0,0,0,943,1,369,0,0,0,0,0,0,0,0,0,0,0,0,0,0,0,0,0,0,0,0,0,0,0,0,0,0,0,0,0,0,0,0,0,0,0,1790607530214,3145728,0,0,0,0,0,0,0,0,0,0,0,3,0,0,0,0,0,0,0,0,0,0,0,0,0,0,0,0,0,0,0,0,0,0,0,4,7,84124856,-1,0,0,0,0,0,0,0,0,0,0,0,0,0,0,0,0,0,0,0,0,0,0,0,0,0,0,0,0,0,6933,0,347,0,0,0,0,0,0,0,0,0,0,0,0,0,0,0,0,0
2026-09-28T18:49:52Z,161,0,0,0,0,0,11301204,1467,8155315,0,0,0,0,0,0,6278,0,0,0,0,0,0,0,426,9,0,-21,1,6,3267,0,0,0,0,0, ,0,0,0,0,0,0,6274,0,0,0,943,1,369,0,0,0,0,0,0,0,0,0,0,0,0,0,0,0,0,0,0,0,0,0,0,0,0,0,0,0,0,0,0,0,0,0,0,0,1790607530214,3145728,0,0,0,0,0,0,0,0,0,0,0,3,0,0,0,0,0,0,0,0,0,0,0,0,0,0,0,0,0,0,0,0,0,0,0,3,5,169890944,-1,0,0,0,0,0,0,0,0,0,0,0,0,0,0,50,0,2,0,100,0,0,0,0,0,0,0,0,0,0,6177,0,95,0,0,0,0,0,0,0,0,0,0,0,0,0,0,0,0,0
2026-09-28T18:50:52Z,161,0,0,0,0,0,11313492,1467,8167603,0,0,0,0,0,0,6709,0,0,0,0,0,0,0,426,9,0,-22,1,6,3371,0,0,0,0,0, ,0,0,0,0,0,0,6699,0,0,0,943,1,369,0,0,0,0,0,0,0,0,0,0,0,0,0,0,0,0,0,0,0,0,0,0,0,0,0,0,0,0,0,0,0,0,0,0,0,1790607530214,3145728,0,0,0,0,0,0,0,0,0,0,0,3,0,0,0,0,0,0,0,0,0,0,0,0,0,0,0,0,0,0,0,0,0,0,0,4,8,111314168,-1,0,0,0,0,0,0,0,0,0,0,0,0,1,0,50,0,2,0,100,0,0,0,0,0,0,0,0,0,0,6565,0,133,0,0,0,0,0,0,0,0,0,0,0,0,0,0,0,0,0
2026-09-28T18:51:52Z,161,0,0,0,0,0,11327852,1467,8181963,0,0,0,0,0,0,5900,0,0,0,0,0,0,0,427,9,0,-22,1,6,2810,0,0,0,0,0, ,0,0,0,0,0,0,5900,0,0,0,943,1,369,0,0,0,0,0,0,0,0,0,0,0,0,0,0,0,0,0,0,0,0,0,0,0,0,0,0,0,0,0,0,0,0,0,0,0,1790607530214,3145728,0,0,0,0,0,0,0,0,0,0,0,3,0,0,0,0,0,0,0,0,0,0,0,0,0,0,0,0,0,0,0,0,0,0,0,3,5,101261808,-1,0,0,0,0,0,0,0,0,0,0,0,0,0,0,0,0,0,0,0,0,0,0,0,0,0,0,0,0,0,5796,0,103,0,0,0,0,0,0,0,0,0,0,0,0,0,0,0,0,0
2026-09-28T18:52:52Z,161,0,0,0,0,0,11414164,1467,8268275,0,0,0,0,0,0,6937,0,0,0,0,0,0,0,433,9,0,-22,1,6,2842,0,0,0,0,0, ,0,0,0,0,0,0,6937,0,0,0,943,1,369,0,0,0,0,0,0,0,0,0,0,0,0,0,0,0,0,0,0,0,0,0,0,0,0,0,0,0,0,0,0,0,0,0,0,0,1790607530214,3145728,0,0,0,0,0,0,0,0,0,0,0,3,0,0,0,0,0,0,0,0,0,0,0,0,0,0,0,0,0,0,0,0,0,0,0,3,5,55773816,-1,0,0,0,0,0,0,0,0,0,0,0,0,0,0,0,0,0,0,0,0,0,0,0,0,0,0,0,0,0,6448,0,483,0,0,0,0,0,0,0,0,0,0,0,0,0,0,0,0,0
2026-09-28T18:53:52Z,161,0,0,0,0,0,11454244,1467,8308355,0,0,0,0,0,0,6671,0,0,0,0,0,0,0,435,9,0,-22,1,6,3187,0,0,0,0,0, ,0,0,0,0,0,0,6671,0,0,0,943,1,369,0,0,0,0,0,0,0,0,0,0,0,0,0,0,0,0,0,0,0,0,0,0,0,0,0,0,0,0,0,0,0,0,0,0,0,1790607530214,3145728,0,0,0,0,0,0,0,0,0,0,0,3,0,0,0,0,0,0,0,0,0,0,0,0,0,0,0,0,0,0,0,0,0,0,0,3,6,78315704,-1,0,0,0,0,0,0,0,0,0,0,0,0,0,0,0,0,0,0,0,0,0,0,0,0,0,0,0,0,0,6488,0,181,0,0,0,0,0,0,0,0,0,0,0,0,0,0,0,0,0
2026-09-28T18:54:52Z,161,0,0,0,0,0,11451412,1467,8305523,0,0,0,0,0,0,5737,0,0,0,0,0,0,0,436,9,0,-23,1,6,2985,0,0,0,0,0, ,0,0,0,0,0,0,5723,0,0,0,943,1,369,0,0,0,0,0,0,0,0,0,0,0,0,0,0,0,0,0,0,0,0,0,0,0,0,0,0,0,0,0,0,0,0,0,0,0,1790607530214,3145728,0,0,0,0,0,0,0,0,0,0,0,3,0,0,0,0,0,0,0,0,0,0,0,0,0,0,0,0,0,0,0,0,0,0,0,3,5,123032152,-1,0,0,0,0,0,0,0,0,0,0,0,0,1,0,100,0,4,0,200,0,0,0,0,0,0,0,0,0,0,5620,0,101,0,0,0,0,0,0,0,0,0,0,0,0,0,0,0,0,0
2026-09-28T18:55:52Z,161,0,0,0,0,0,11490364,1467,8344475,0,0,0,0,0,0,6288,0,0,0,0,0,0,0,439,9,0,-23,1,6,3071,0,0,0,0,0, ,0,0,0,0,0,0,6288,0,0,0,943,1,369,0,0,0,0,0,0,0,0,0,0,0,0,0,0,0,0,0,0,0,0,0,0,0,0,0,0,0,0,0,0,0,0,0,0,0,1790607530214,3145728,0,0,0,0,0,0,0,0,0,0,0,3,0,0,0,0,0,0,0,0,0,0,0,0,0,0,0,0,0,0,0,0,0,0,0,3,7,129358008,-1,0,0,0,0,0,0,0,0,0,0,0,0,0,0,0,0,0,0,0,0,0,0,0,0,0,0,0,0,0,6135,0,150,0,0,0,0,0,0,0,0,0,0,0,0,0,0,0,0,0
2026-09-28T18:56:52Z,161,0,0,0,0,0,11503412,1467,8357523,0,0,0,0,0,0,6413,0,0,0,0,0,0,0,439,9,0,-23,1,6,3237,0,0,0,0,0, ,0,0,0,0,0,0,6413,0,0,0,943,1,369,0,0,0,0,0,0,0,0,0,0,0,0,0,0,0,0,0,0,0,0,0,0,0,0,0,0,0,0,0,0,0,0,0,0,0,1790607530214,3145728,0,0,0,0,0,0,0,0,0,0,0,3,0,0,0,0,0,0,0,0,0,0,0,0,0,0,0,0,0,0,0,0,0,0,0,3,5,173123800,-1,0,0,0,0,0,0,0,0,0,0,0,0,0,0,0,0,0,0,0,0,0,0,0,0,0,0,0,0,0,6304,0,109,0,0,0,0,0,0,0,0,0,0,0,0,0,0,0,0,0
2026-09-28T18:57:52Z,161,0,0,0,0,0,11522108,1467,8376219,0,0,0,0,0,0,6478,0,0,0,0,0,0,0,439,9,0,-23,1,6,3339,0,0,0,0,0, ,0,0,0,0,0,0,6478,0,0,0,943,1,369,0,0,0,0,0,0,0,0,0,0,0,0,0,0,0,0,0,0,0,0,0,0,0,0,0,0,0,0,0,0,0,0,0,0,0,1790607530214,3145728,0,0,0,0,0,0,0,0,0,0,0,3,0,0,0,0,0,0,0,0,0,0,0,0,0,0,0,0,0,0,0,0,0,0,0,4,6,63542624,-1,0,0,0,0,0,0,0,0,0,0,0,0,0,0,0,0,0,0,0,0,0,0,0,0,0,0,0,0,0,6399,0,79,0,0,0,0,0,0,0,0,0,0,0,0,0,0,0,0,0
2026-09-28T18:58:52Z,161,0,0,0,0,0,11542084,1467,8396195,0,0,0,0,0,0,6756,0,0,0,0,0,0,0,440,9,0,-23,1,6,3320,0,0,0,0,0, ,0,0,0,0,0,0,6756,0,0,0,943,1,369,0,0,0,0,0,0,0,0,0,0,0,0,0,0,0,0,0,0,0,0,0,0,0,0,0,0,0,0,0,0,0,0,0,0,0,1790607530214,3145728,0,0,0,0,0,0,0,0,0,0,0,3,0,0,0,0,0,0,0,0,0,0,0,0,0,0,0,0,0,0,0,0,0,0,0,3,4,132520064,-1,0,0,0,0,0,0,0,0,0,0,0,0,0,0,0,0,0,0,0,0,0,0,0,0,0,0,0,0,0,6655,0,100,0,0,0,0,0,0,0,0,0,0,0,0,0,0,0,0,0
2026-09-28T18:59:52Z,161,0,0,0,0,0,11573388,1467,8427499,0,0,0,0,0,0,7129,0,0,0,0,0,0,0,443,9,0,-23,1,6,3489,0,0,0,0,0, ,0,0,0,0,0,0,7125,0,0,0,943,1,369,0,0,0,0,0,0,0,0,0,0,0,0,0,0,0,0,0,0,0,0,0,0,0,0,0,0,0,0,0,0,0,0,0,0,0,1790607530214,3145728,0,0,0,0,0,0,0,0,0,0,0,3,0,0,0,0,0,0,0,0,0,0,0,0,0,0,0,0,0,0,0,0,0,0,0,3,5,172746872,-1,0,0,0,0,0,0,0,0,0,0,0,0,0,0,50,0,2,0,100,0,0,0,0,0,0,0,0,0,0,6901,0,221,0,0,0,0,0,0,0,0,0,0,0,0,0,0,0,0,0
2026-09-28T19:00:52Z,161,0,0,0,0,0,11594140,1467,8448251,0,0,0,0,0,0,6592,0,0,0,0,0,0,0,445,9,0,-23,1,6,3328,0,0,0,0,0, ,0,0,0,0,0,0,6588,0,0,0,943,1,369,0,0,0,0,0,0,0,0,0,0,0,0,0,0,0,0,0,0,0,0,0,0,0,0,0,0,0,0,0,0,0,0,0,0,0,1790607530214,3145728,0,0,0,0,0,0,0,0,0,0,0,3,0,0,0,0,0,0,0,0,0,0,0,0,0,0,0,0,0,0,0,0,0,0,0,4,7,73072744,-1,0,0,0,0,0,0,0,0,0,0,0,0,0,0,50,0,2,0,100,0,0,0,0,0,0,0,0,0,0,6378,0,208,0,0,0,0,0,0,0,0,0,0,0,0,0,0,0,0,0
2026-09-28T19:01:52Z,161,0,0,0,0,0,11598052,1467,8452163,0,0,0,0,0,0,6391,0,0,0,0,0,0,0,444,9,0,-24,1,6,3293,0,0,0,0,0, ,0,0,0,0,0,0,6381,0,0,0,943,1,369,0,0,0,0,0,0,0,0,0,0,0,0,0,0,0,0,0,0,0,0,0,0,0,0,0,0,0,0,0,0,0,0,0,0,0,1790607530214,3145728,0,0,0,0,0,0,0,0,0,0,0,3,0,0,0,0,0,0,0,0,0,0,0,0,0,0,0,0,0,0,0,0,0,0,0,3,5,112101760,-1,0,0,0,0,0,0,0,0,0,0,0,0,1,0,50,0,2,0,100,0,0,0,0,0,0,0,0,0,0,6294,0,87,0,0,0,0,0,0,0,0,0,0,0,0,0,0,0,0,0
2026-09-28T19:02:52Z,161,0,0,0,0,0,11610764,1467,8464875,0,0,0,0,0,0,5769,0,0,0,0,0,0,0,446,9,0,-24,1,6,2830,0,0,0,0,0, ,0,0,0,0,0,0,5769,0,0,0,943,1,369,0,0,0,0,0,0,0,0,0,0,0,0,0,0,0,0,0,0,0,0,0,0,0,0,0,0,0,0,0,0,0,0,0,0,0,1790607530214,3145728,0,0,0,0,0,0,0,0,0,0,0,3,0,0,0,0,0,0,0,0,0,0,0,0,0,0,0,0,0,0,0,0,0,0,0,3,5,56553208,-1,0,0,0,0,0,0,0,0,0,0,0,0,0,0,0,0,0,0,0,0,0,0,0,0,0,0,0,0,0,5718,0,49,0,0,0,0,0,0,0,0,0,0,0,0,0,0,0,0,0
2026-09-28T19:03:52Z,161,0,0,0,0,0,11596492,1467,8450603,0,0,0,0,0,0,5596,0,0,0,0,0,0,0,445,9,0,-25,1,6,2873,0,0,0,0,0, ,0,0,0,0,0,0,5582,0,0,0,943,1,369,0,0,0,0,0,0,0,0,0,0,0,0,0,0,0,0,0,0,0,0,0,0,0,0,0,0,0,0,0,0,0,0,0,0,0,1790607530214,3145728,0,0,0,0,0,0,0,0,0,0,0,3,0,0,0,0,0,0,0,0,0,0,0,0,0,0,0,0,0,0,0,0,0,0,0,2,4,119154288,-1,0,0,0,0,0,0,0,0,0,0,0,0,1,0,100,0,4,0,200,0,0,0,0,0,0,0,0,0,0,5525,0,57,0,0,0,0,0,0,0,0,0,0,0,0,0,0,0,0,0
2026-09-28T19:04:52Z,161,0,0,0,0,0,11605052,1467,8459163,0,0,0,0,0,0,6009,0,0,0,0,0,0,0,445,9,0,-25,1,6,2852,0,0,0,0,0, ,0,0,0,0,0,0,6009,0,0,0,943,1,369,0,0,0,0,0,0,0,0,0,0,0,0,0,0,0,0,0,0,0,0,0,0,0,0,0,0,0,0,0,0,0,0,0,0,0,1790607530214,3145728,0,0,0,0,0,0,0,0,0,0,0,3,0,0,0,0,0,0,0,0,0,0,0,0,0,0,0,0,0,0,0,0,0,0,0,2,4,179139256,-1,0,0,0,0,0,0,0,0,0,0,0,0,0,0,0,0,0,0,0,0,0,0,0,0,0,0,0,0,0,5963,0,46,0,0,0,0,0,0,0,0,0,0,0,0,0,0,0,0,0
2026-09-28T19:05:52Z,161,0,0,0,0,0,11622500,1467,8476611,0,0,0,0,0,0,6375,0,0,0,0,0,0,0,445,9,0,-25,1,6,2958,0,0,0,0,0, ,0,0,0,0,0,0,6375,0,0,0,943,1,369,0,0,0,0,0,0,0,0,0,0,0,0,0,0,0,0,0,0,0,0,0,0,0,0,0,0,0,0,0,0,0,0,0,0,0,1790607530214,3145728,0,0,0,0,0,0,0,0,0,0,0,3,0,0,0,0,0,0,0,0,0,0,0,0,0,0,0,0,0,0,0,0,0,0,0,3,5,138478552,-1,0,0,0,0,0,0,0,0,0,0,0,0,0,0,0,0,0,0,0,0,0,0,0,0,0,0,0,0,0,6295,0,80,0,0,0,0,0,0,0,0,0,0,0,0,0,0,0,0,0
2026-09-28T19:06:52Z,161,0,0,0,0,0,11635004,1467,8489115,0,0,0,0,0,0,6704,0,0,0,0,0,0,0,446,9,0,-25,1,6,3328,0,0,0,0,0, ,0,0,0,0,0,0,6704,0,0,0,943,1,369,0,0,0,0,0,0,0,0,0,0,0,0,0,0,0,0,0,0,0,0,0,0,0,0,0,0,0,0,0,0,0,0,0,0,0,1790607530214,3145728,0,0,0,0,0,0,0,0,0,0,0,3,0,0,0,0,0,0,0,0,0,0,0,0,0,0,0,0,0,0,0,0,0,0,0,3,6,106036840,-1,0,0,0,0,0,0,0,0,0,0,0,0,0,0,0,0,0,0,0,0,0,0,0,0,0,0,0,0,0,6654,0,49,0,0,0,0,0,0,0,0,0,0,0,0,0,0,0,0,0
2026-09-28T19:07:53Z,161,0,0,0,0,0,11621116,1467,8475227,0,0,0,0,0,0,6091,0,0,0,0,0,0,0,446,9,0,-25,1,6,3078,0,0,0,0,0, ,0,0,0,0,0,0,6083,0,0,0,943,1,369,0,0,0,0,0,0,0,0,0,0,0,0,0,0,0,0,0,0,0,0,0,0,0,0,0,0,0,0,0,0,0,0,0,0,0,1790607530214,3145728,0,0,0,0,0,0,0,0,0,0,0,3,0,0,0,0,0,0,0,0,0,0,0,0,0,0,0,0,0,0,0,0,0,0,0,2,2,151907144,-1,0,0,0,0,0,0,0,0,0,0,0,0,0,0,100,0,4,0,200,0,0,0,0,0,0,0,0,0,0,6035,0,48,0,0,0,0,0,0,0,0,0,0,0,0,0,0,0,0,0
2026-09-28T19:08:53Z,161,0,0,0,0,0,11632524,1467,8486635,0,0,0,0,0,0,6681,0,0,0,0,0,0,0,447,9,0,-25,1,6,3166,0,0,0,0,0, ,0,0,0,0,0,0,6681,0,0,0,943,1,369,0,0,0,0,0,0,0,0,0,0,0,0,0,0,0,0,0,0,0,0,0,0,0,0,0,0,0,0,0,0,0,0,0,0,0,1790607530214,3145728,0,0,0,0,0,0,0,0,0,0,0,3,0,0,0,0,0,0,0,0,0,0,0,0,0,0,0,0,0,0,0,0,0,0,0,3,6,68300032,-1,0,0,0,0,0,0,0,0,0,0,0,0,0,0,0,0,0,0,0,0,0,0,0,0,0,0,0,0,0,6643,0,37,0,0,0,0,0,0,0,0,0,0,0,0,0,0,0,0,0
2026-09-28T19:09:53Z,161,0,0,0,0,0,11638772,1467,8492883,0,0,0,0,0,0,6696,0,0,0,0,0,0,0,447,9,0,-25,1,6,3160,0,0,0,0,0, ,0,0,0,0,0,0,6696,0,0,0,943,1,369,0,0,0,0,0,0,0,0,0,0,0,0,0,0,0,0,0,0,0,0,0,0,0,0,0,0,0,0,0,0,0,0,0,0,0,1790607530214,3145728,0,0,0,0,0,0,0,0,0,0,0,3,0,0,0,0,0,0,0,0,0,0,0,0,0,0,0,0,0,0,0,0,0,0,0,2,3,135608360,-1,0,0,0,0,0,0,0,0,0,0,0,0,0,0,0,0,0,0,0,0,0,0,0,0,0,0,0,0,0,6661,0,35,0,0,0,0,0,0,0,0,0,0,0,0,0,0,0,0,0
2026-09-28T19:10:53Z,161,0,0,0,0,0,11643012,1467,8497123,0,0,0,0,0,0,6311,0,0,0,0,0,0,0,447,9,0,-25,1,6,2994,0,0,0,0,0, ,0,0,0,0,0,0,6311,0,0,0,943,1,369,0,0,0,0,0,0,0,0,0,0,0,0,0,0,0,0,0,0,0,0,0,0,0,0,0,0,0,0,0,0,0,0,0,0,0,1790607530214,3145728,0,0,0,0,0,0,0,0,0,0,0,3,0,0,0,0,0,0,0,0,0,0,0,0,0,0,0,0,0,0,0,0,0,0,0,2,3,181289112,-1,0,0,0,0,0,0,0,0,0,0,0,0,0,0,0,0,0,0,0,0,0,0,0,0,0,0,0,0,0,6282,0,29,0,0,0,0,0,0,0,0,0,0,0,0,0,0,0,0,0
2026-09-28T19:11:53Z,161,0,0,0,0,0,11661588,1467,8515699,0,0,0,0,0,0,6746,0,0,0,0,0,0,0,447,9,0,-25,1,6,3192,0,0,0,0,0, ,0,0,0,0,0,0,6746,0,0,0,943,1,369,0,0,0,0,0,0,0,0,0,0,0,0,0,0,0,0,0,0,0,0,0,0,0,0,0,0,0,0,0,0,0,0,0,0,0,1790607530214,3145728,0,0,0,0,0,0,0,0,0,0,0,3,0,0,0,0,0,0,0,0,0,0,0,0,0,0,0,0,0,0,0,0,0,0,0,3,5,81083744,-1,0,0,0,0,0,0,0,0,0,0,0,0,0,0,0,0,0,0,0,0,0,0,0,0,0,0,0,0,0,6640,0,106,0,0,0,0,0,0,0,0,0,0,0,0,0,0,0,0,0
2026-09-28T19:12:53Z,161,0,0,0,0,0,11660972,1467,8515083,0,0,0,0,0,0,6457,0,0,0,0,0,0,0,448,9,0,-26,1,6,3050,0,0,0,0,0, ,0,0,0,0,0,0,6447,0,0,0,943,1,369,0,0,0,0,0,0,0,0,0,0,0,0,0,0,0,0,0,0,0,0,0,0,0,0,0,0,0,0,0,0,0,0,0,0,0,1790607530214,3145728,0,0,0,0,0,0,0,0,0,0,0,3,0,0,0,0,0,0,0,0,0,0,0,0,0,0,0,0,0,0,0,0,0,0,0,2,4,134835624,-1,0,0,0,0,0,0,0,0,0,0,0,0,1,0,50,0,2,0,100,0,0,0,0,0,0,0,0,0,0,6384,0,61,0,0,0,0,0,0,0,0,0,0,0,0,0,0,0,0,0
2026-09-28T19:13:53Z,161,0,0,0,0,0,11673300,1467,8527411,0,0,0,0,0,0,6399,0,0,0,0,0,0,0,449,9,0,-26,1,6,3017,0,0,0,0,0, ,0,0,0,0,0,0,6399,0,0,0,943,1,369,0,0,0,0,0,0,0,0,0,0,0,0,0,0,0,0,0,0,0,0,0,0,0,0,0,0,0,0,0,0,0,0,0,0,0,1790607530214,3145728,0,0,0,0,0,0,0,0,0,0,0,3,0,0,0,0,0,0,0,0,0,0,0,0,0,0,0,0,0,0,0,0,0,0,0,2,3,191165344,-1,0,0,0,0,0,0,0,0,0,0,0,0,0,0,0,0,0,0,0,0,0,0,0,0,0,0,0,0,0,6341,0,57,0,0,0,0,0,0,0,0,0,0,0,0,0,0,0,0,0
2026-09-28T19:14:53Z,161,0,0,0,0,0,11669892,1467,8524003,0,0,0,0,0,0,6485,0,0,0,0,0,0,0,450,9,0,-26,1,6,3172,0,0,0,0,0, ,0,0,0,0,0,0,6481,0,0,0,943,1,369,0,0,0,0,0,0,0,0,0,0,0,0,0,0,0,0,0,0,0,0,0,0,0,0,0,0,0,0,0,0,0,0,0,0,0,1790607530214,3145728,0,0,0,0,0,0,0,0,0,0,0,3,0,0,0,0,0,0,0,0,0,0,0,0,0,0,0,0,0,0,0,0,0,0,0,3,5,98263840,-1,0,0,0,0,0,0,0,0,0,0,0,0,0,0,50,0,2,0,100,0,0,0,0,0,0,0,0,0,0,6434,0,46,0,0,0,0,0,0,0,0,0,0,0,0,0,0,0,0,0
2026-09-28T19:15:53Z,161,0,0,0,0,0,11679484,1467,8533595,0,0,0,0,0,0,5355,0,0,0,0,0,0,0,450,9,0,-26,1,6,2544,0,0,0,0,0, ,0,0,0,0,0,0,5355,0,0,0,943,1,369,0,0,0,0,0,0,0,0,0,0,0,0,0,0,0,0,0,0,0,0,0,0,0,0,0,0,0,0,0,0,0,0,0,0,0,1790607530214,3145728,0,0,0,0,0,0,0,0,0,0,0,3,0,0,0,0,0,0,0,0,0,0,0,0,0,0,0,0,0,0,0,0,0,0,0,2,4,179968952,-1,0,0,0,0,0,0,0,0,0,0,0,0,0,0,0,0,0,0,0,0,0,0,0,0,0,0,0,0,0,5308,0,47,0,0,0,0,0,0,0,0,0,0,0,0,0,0,0,0,0
2026-09-28T19:16:53Z,161,0,0,0,0,0,11671780,1467,8525891,0,0,0,0,0,0,5067,0,0,0,0,0,0,0,449,9,0,-27,1,6,2588,0,0,0,0,0, ,0,0,0,0,0,0,5057,0,0,0,943,1,369,0,0,0,0,0,0,0,0,0,0,0,0,0,0,0,0,0,0,0,0,0,0,0,0,0,0,0,0,0,0,0,0,0,0,0,1790607530214,3145728,0,0,0,0,0,0,0,0,0,0,0,3,0,0,0,0,0,0,0,0,0,0,0,0,0,0,0,0,0,0,0,0,0,0,0,4,6,49516368,-1,0,0,0,0,0,0,0,0,0,0,0,0,1,0,50,0,2,0,100,0,0,0,0,0,0,0,0,0,0,4998,0,59,0,0,0,0,0,0,0,0,0,0,0,0,0,0,0,0,0
2026-09-28T19:17:53Z,161,0,0,0,0,0,11684828,1467,8538939,0,0,0,0,0,0,4639,0,0,0,0,0,0,0,449,9,0,-27,1,6,2164,0,0,0,0,0, ,0,0,0,0,0,0,4639,0,0,0,943,1,369,0,0,0,0,0,0,0,0,0,0,0,0,0,0,0,0,0,0,0,0,0,0,0,0,0,0,0,0,0,0,0,0,0,0,0,1790607530214,3145728,0,0,0,0,0,0,0,0,0,0,0,3,0,0,0,0,0,0,0,0,0,0,0,0,0,0,0,0,0,0,0,0,0,0,0,3,5,50665776,-1,0,0,0,0,0,0,0,0,0,0,0,0,0,0,0,0,0,0,0,0,0,0,0,0,0,0,0,0,0,4561,0,78,0,0,0,0,0,0,0,0,0,0,0,0,0,0,0,0,0
2026-09-28T19:18:53Z,161,0,0,0,0,0,11698036,1467,8552147,0,0,0,0,0,0,4638,0,0,0,0,0,0,0,449,9,0,-27,1,6,2149,0,0,0,0,0, ,0,0,0,0,0,0,4638,0,0,0,943,1,369,0,0,0,0,0,0,0,0,0,0,0,0,0,0,0,0,0,0,0,0,0,0,0,0,0,0,0,0,0,0,0,0,0,0,0,1790607530214,3145728,0,0,0,0,0,0,0,0,0,0,0,3,0,0,0,0,0,0,0,0,0,0,0,0,0,0,0,0,0,0,0,0,0,0,0,3,5,49590728,-1,0,0,0,0,0,0,0,0,0,0,0,0,0,0,0,0,0,0,0,0,0,0,0,0,0,0,0,0,0,4570,0,68,0,0,0,0,0,0,0,0,0,0,0,0,0,0,0,0,0
2026-09-28T19:19:53Z,161,0,0,0,0,0,11676244,1467,8530355,0,0,0,0,0,0,4796,0,0,0,0,0,0,0,449,9,0,-27,1,6,2458,0,0,0,0,0, ,0,0,0,0,0,0,4788,0,0,0,943,1,369,0,0,0,0,0,0,0,0,0,0,0,0,0,0,0,0,0,0,0,0,0,0,0,0,0,0,0,0,0,0,0,0,0,0,0,1790607530214,3145728,0,0,0,0,0,0,0,0,0,0,0,3,0,0,0,0,0,0,0,0,0,0,0,0,0,0,0,0,0,0,0,0,0,0,0,2,4,187434864,-1,0,0,0,0,0,0,0,0,0,0,0,0,0,0,100,0,4,0,200,0,0,0,0,0,0,0,0,0,0,4723,0,65,0,0,0,0,0,0,0,0,0,0,0,0,0,0,0,0,0
2026-09-28T19:20:53Z,161,0,0,0,0,0,11698748,1467,8552859,0,0,0,0,0,0,6740,0,0,0,0,0,0,0,450,9,0,-27,1,6,3467,0,0,0,0,0, ,0,0,0,0,0,0,6740,0,0,0,943,1,369,0,0,0,0,0,0,0,0,0,0,0,0,0,0,0,0,0,0,0,0,0,0,0,0,0,0,0,0,0,0,0,0,0,0,0,1790607530214,3145728,0,0,0,0,0,0,0,0,0,0,0,3,0,0,0,0,0,0,0,0,0,0,0,0,0,0,0,0,0,0,0,0,0,0,0,4,7,137248224,-1,0,0,0,0,0,0,0,0,0,0,0,0,0,0,0,0,0,0,0,0,0,0,0,0,0,0,0,0,0,6644,0,95,0,0,0,0,0,0,0,0,0,0,0,0,0,0,0,0,0
2026-09-28T19:21:53Z,161,0,0,0,0,0,11724244,1467,8578355,0,0,0,0,0,0,6608,0,0,0,0,0,0,0,452,9,0,-27,1,6,3328,0,0,0,0,0, ,0,0,0,0,0,0,6608,0,0,0,943,1,369,0,0,0,0,0,0,0,0,0,0,0,0,0,0,0,0,0,0,0,0,0,0,0,0,0,0,0,0,0,0,0,0,0,0,0,1790607530214,3145728,0,0,0,0,0,0,0,0,0,0,0,3,0,0,0,0,0,0,0,0,0,0,0,0,0,0,0,0,0,0,0,0,0,0,0,4,7,103607712,-1,0,0,0,0,0,0,0,0,0,0,0,0,0,0,0,0,0,0,0,0,0,0,0,0,0,0,0,0,0,6499,0,107,0,0,0,0,0,0,0,0,0,0,0,0,0,0,0,0,0
2026-09-28T19:22:53Z,161,0,0,0,0,0,11743836,1467,8597947,0,0,0,0,0,0,6426,0,0,0,0,0,0,0,452,9,0,-27,1,6,3219,0,0,0,0,0, ,0,0,0,0,0,0,6426,0,0,0,943,1,369,0,0,0,0,0,0,0,0,0,0,0,0,0,0,0,0,0,0,0,0,0,0,0,0,0,0,0,0,0,0,0,0,0,0,0,1790607530214,3145728,0,0,0,0,0,0,0,0,0,0,0,3,0,0,0,0,0,0,0,0,0,0,0,0,0,0,0,0,0,0,0,0,0,0,0,4,7,88945720,-1,0,0,0,0,0,0,0,0,0,0,0,0,0,0,0,0,0,0,0,0,0,0,0,0,0,0,0,0,0,6326,0,100,0,0,0,0,0,0,0,0,0,0,0,0,0,0,0,0,0
2026-09-28T19:23:53Z,161,0,0,0,0,0,11763900,1467,8618011,0,0,0,0,0,0,6684,0,0,0,0,0,0,0,453,9,0,-27,1,6,3403,0,0,0,0,0, ,0,0,0,0,0,0,6684,0,0,0,943,1,369,0,0,0,0,0,0,0,0,0,0,0,0,0,0,0,0,0,0,0,0,0,0,0,0,0,0,0,0,0,0,0,0,0,0,0,1790607530214,3145728,0,0,0,0,0,0,0,0,0,0,0,3,0,0,0,0,0,0,0,0,0,0,0,0,0,0,0,0,0,0,0,0,0,0,0,4,7,68171976,-1,0,0,0,0,0,0,0,0,0,0,0,0,0,0,0,0,0,0,0,0,0,0,0,0,0,0,0,0,0,6589,0,94,0,0,0,0,0,0,0,0,0,0,0,0,0,0,0,0,0
2026-09-28T19:24:53Z,161,0,0,0,0,0,11767380,1467,8621491,0,0,0,0,0,0,6543,0,0,0,0,0,0,0,452,9,0,-28,1,6,3403,0,0,0,0,0, ,0,0,0,0,0,0,6533,0,0,0,943,1,369,0,0,0,0,0,0,0,0,0,0,0,0,0,0,0,0,0,0,0,0,0,0,0,0,0,0,0,0,0,0,0,0,0,0,0,1790607530214,3145728,0,0,0,0,0,0,0,0,0,0,0,3,0,0,0,0,0,0,0,0,0,0,0,0,0,0,0,0,0,0,0,0,0,0,0,3,5,178548600,-1,0,0,0,0,0,0,0,0,0,0,0,0,1,0,50,0,2,0,100,0,0,0,0,0,0,0,0,0,0,6446,0,87,0,0,0,0,0,0,0,0,0,0,0,0,0,0,0,0,0
2026-09-28T19:25:53Z,161,0,0,0,0,0,11779436,1467,8633547,0,0,0,0,0,0,6583,0,0,0,0,0,0,0,453,9,0,-28,1,6,3462,0,0,0,0,0, ,0,0,0,0,0,0,6579,0,0,0,943,1,369,0,0,0,0,0,0,0,0,0,0,0,0,0,0,0,0,0,0,0,0,0,0,0,0,0,0,0,0,0,0,0,0,0,0,0,1790607530214,3145728,0,0,0,0,0,0,0,0,0,0,0,3,0,0,0,0,0,0,0,0,0,0,0,0,0,0,0,0,0,0,0,0,0,0,0,4,7,145079416,-1,0,0,0,0,0,0,0,0,0,0,0,0,0,0,50,0,2,0,100,0,0,0,0,0,0,0,0,0,0,6481,0,97,0,0,0,0,0,0,0,0,0,0,0,0,0,0,0,0,0
2026-09-28T19:26:53Z,161,0,0,0,0,0,11782172,1467,8636283,0,0,0,0,0,0,6403,0,0,0,0,0,0,0,452,9,0,-29,1,6,3311,0,0,0,0,0, ,0,0,0,0,0,0,6393,0,0,0,943,1,369,0,0,0,0,0,0,0,0,0,0,0,0,0,0,0,0,0,0,0,0,0,0,0,0,0,0,0,0,0,0,0,0,0,0,0,1790607530214,3145728,0,0,0,0,0,0,0,0,0,0,0,3,0,0,0,0,0,0,0,0,0,0,0,0,0,0,0,0,0,0,0,0,0,0,0,4,7,118811712,-1,0,0,0,0,0,0,0,0,0,0,0,0,1,0,50,0,2,0,100,0,0,0,0,0,0,0,0,0,0,6311,0,82,0,0,0,0,0,0,0,0,0,0,0,0,0,0,0,0,0
2026-09-28T19:27:53Z,161,0,0,0,0,0,11810076,1467,8664187,0,0,0,0,0,0,6022,0,0,0,0,0,0,0,454,9,0,-29,1,6,2956,0,0,0,0,0, ,0,0,0,0,0,0,6022,0,0,0,943,1,369,0,0,0,0,0,0,0,0,0,0,0,0,0,0,0,0,0,0,0,0,0,0,0,0,0,0,0,0,0,0,0,0,0,0,0,1790607530214,3145728,0,0,0,0,0,0,0,0,0,0,0,3,0,0,0,0,0,0,0,0,0,0,0,0,0,0,0,0,0,0,0,0,0,0,0,4,8,76261920,-1,0,0,0,0,0,0,0,0,0,0,0,0,0,0,0,0,0,0,0,0,0,0,0,0,0,0,0,0,0,5899,0,121,0,0,0,0,0,0,0,0,0,0,0,0,0,0,0,0,0
2026-09-28T19:28:53Z,161,0,0,0,0,0,11813132,1467,8667243,0,0,0,0,0,0,5464,0,0,0,0,0,0,0,457,9,0,-29,1,6,2903,0,0,0,0,0, ,0,0,0,0,0,0,5456,0,0,0,943,1,369,0,0,0,0,0,0,0,0,0,0,0,0,0,0,0,0,0,0,0,0,0,0,0,0,0,0,0,0,0,0,0,0,0,0,0,1790607530214,3145728,0,0,0,0,0,0,0,0,0,0,0,3,0,0,0,0,0,0,0,0,0,0,0,0,0,0,0,0,0,0,0,0,0,0,0,3,6,145780104,-1,0,0,0,0,0,0,0,0,0,0,0,0,0,0,100,0,4,0,200,0,0,0,0,0,0,0,0,0,0,5363,0,90,0,0,0,0,0,0,0,0,0,0,0,0,0,0,0,0,0
2026-09-28T19:29:53Z,161,0,0,0,0,0,11835724,1467,8689835,0,0,0,0,0,0,5504,0,0,0,0,0,0,0,458,9,0,-29,1,6,2729,0,0,0,0,0, ,0,0,0,0,0,0,5504,0,0,0,943,1,369,0,0,0,0,0,0,0,0,0,0,0,0,0,0,0,0,0,0,0,0,0,0,0,0,0,0,0,0,0,0,0,0,0,0,0,1790607530214,3145728,0,0,0,0,0,0,0,0,0,0,0,3,0,0,0,0,0,0,0,0,0,0,0,0,0,0,0,0,0,0,0,0,0,0,0,3,5,177416928,-1,0,0,0,0,0,0,0,0,0,0,0,0,0,0,0,0,0,0,0,0,0,0,0,0,0,0,0,0,0,5403,0,100,0,0,0,0,0,0,0,0,0,0,0,0,0,0,0,0,0
2026-09-28T19:30:53Z,161,0,0,0,0,0,11851908,1467,8706019,0,0,0,0,0,0,5668,0,0,0,0,0,0,0,460,9,0,-29,1,6,2766,0,0,0,0,0, ,0,0,0,0,0,0,5668,0,0,0,943,1,369,0,0,0,0,0,0,0,0,0,0,0,0,0,0,0,0,0,0,0,0,0,0,0,0,0,0,0,0,0,0,0,0,0,0,0,1790607530214,3145728,0,0,0,0,0,0,0,0,0,0,0,3,0,0,0,0,0,0,0,0,0,0,0,0,0,0,0,0,0,0,0,0,0,0,0,4,7,139590232,-1,0,0,0,0,0,0,0,0,0,0,0,0,0,0,0,0,0,0,0,0,0,0,0,0,0,0,0,0,0,5586,0,80,0,0,0,0,0,0,0,0,0,0,0,0,0,0,0,0,0
2026-09-28T19:31:53Z,161,0,0,0,0,0,11855244,1467,8709355,0,0,0,0,0,0,4881,0,0,0,0,0,0,0,460,9,0,-29,1,6,2372,0,0,0,0,0, ,0,0,0,0,0,0,4881,0,0,0,943,1,369,0,0,0,0,0,0,0,0,0,0,0,0,0,0,0,0,0,0,0,0,0,0,0,0,0,0,0,0,0,0,0,0,0,0,0,1790607530214,3145728,0,0,0,0,0,0,0,0,0,0,0,3,0,0,0,0,0,0,0,0,0,0,0,0,0,0,0,0,0,0,0,0,0,0,0,3,5,130172440,-1,0,0,0,0,0,0,0,0,0,0,0,0,0,0,0,0,0,0,0,0,0,0,0,0,0,0,0,0,0,4838,0,43,0,0,0,0,0,0,0,0,0,0,0,0,0,0,0,0,0
2026-09-28T19:32:53Z,161,0,0,0,0,0,11852244,1467,8706355,0,0,0,0,0,0,5751,0,0,0,0,0,0,0,459,9,0,-30,1,6,2990,0,0,0,0,0, ,0,0,0,0,0,0,5741,0,0,0,943,1,369,0,0,0,0,0,0,0,0,0,0,0,0,0,0,0,0,0,0,0,0,0,0,0,0,0,0,0,0,0,0,0,0,0,0,0,1790607530214,3145728,0,0,0,0,0,0,0,0,0,0,0,3,0,0,0,0,0,0,0,0,0,0,0,0,0,0,0,0,0,0,0,0,0,0,0,3,6,198324856,-1,0,0,0,0,0,0,0,0,0,0,0,0,1,0,50,0,2,0,100,0,0,0,0,0,0,0,0,0,0,5677,0,64,0,0,0,0,0,0,0,0,0,0,0,0,0,0,0,0,0
2026-09-28T19:33:53Z,161,0,0,0,0,0,11868548,1467,8722659,0,0,0,0,0,0,5300,0,0,0,0,0,0,0,459,9,0,-30,1,6,2550,0,0,0,0,0, ,0,0,0,0,0,0,5300,0,0,0,943,1,369,0,0,0,0,0,0,0,0,0,0,0,0,0,0,0,0,0,0,0,0,0,0,0,0,0,0,0,0,0,0,0,0,0,0,0,1790607530214,3145728,0,0,0,0,0,0,0,0,0,0,0,3,0,0,0,0,0,0,0,0,0,0,0,0,0,0,0,0,0,0,0,0,0,0,0,4,6,74275040,-1,0,0,0,0,0,0,0,0,0,0,0,0,0,0,0,0,0,0,0,0,0,0,0,0,0,0,0,0,0,5224,0,76,0,0,0,0,0,0,0,0,0,0,0,0,0,0,0,0,0
2026-09-28T19:34:53Z,161,0,0,0,0,0,11884956,1467,8739067,0,0,0,0,0,0,5180,0,0,0,0,0,0,0,460,9,0,-30,1,6,2509,0,0,0,0,0, ,0,0,0,0,0,0,5180,0,0,0,943,1,369,0,0,0,0,0,0,0,0,0,0,0,0,0,0,0,0,0,0,0,0,0,0,0,0,0,0,0,0,0,0,0,0,0,0,0,1790607530214,3145728,0,0,0,0,0,0,0,0,0,0,0,3,0,0,0,0,0,0,0,0,0,0,0,0,0,0,0,0,0,0,0,0,0,0,0,3,5,135265688,-1,0,0,0,0,0,0,0,0,0,0,0,0,0,0,0,0,0,0,0,0,0,0,0,0,0,0,0,0,0,5119,0,60,0,0,0,0,0,0,0,0,0,0,0,0,0,0,0,0,0
2026-09-28T19:35:53Z,161,0,0,0,0,0,11906380,1467,8760491,0,0,0,0,0,0,5150,0,0,0,0,0,0,0,462,9,0,-30,1,6,2507,0,0,0,0,0, ,0,0,0,0,0,0,5150,0,0,0,943,1,369,0,0,0,0,0,0,0,0,0,0,0,0,0,0,0,0,0,0,0,0,0,0,0,0,0,0,0,0,0,0,0,0,0,0,0,1790607530214,3145728,0,0,0,0,0,0,0,0,0,0,0,3,0,0,0,0,0,0,0,0,0,0,0,0,0,0,0,0,0,0,0,0,0,0,0,4,8,73026736,-1,0,0,0,0,0,0,0,0,0,0,0,0,0,0,0,0,0,0,0,0,0,0,0,0,0,0,0,0,0,5059,0,89,0,0,0,0,0,0,0,0,0,0,0,0,0,0,0,0,0
2026-09-28T19:36:53Z,161,0,0,0,0,0,11906924,1467,8761035,0,0,0,0,0,0,5083,0,0,0,0,0,0,0,463,9,0,-30,1,6,2665,0,0,0,0,0, ,0,0,0,0,0,0,5079,0,0,0,943,1,369,0,0,0,0,0,0,0,0,0,0,0,0,0,0,0,0,0,0,0,0,0,0,0,0,0,0,0,0,0,0,0,0,0,0,0,1790607530214,3145728,0,0,0,0,0,0,0,0,0,0,0,3,0,0,0,0,0,0,0,0,0,0,0,0,0,0,0,0,0,0,0,0,0,0,0,3,5,90578528,-1,0,0,0,0,0,0,0,0,0,0,0,0,0,0,50,0,2,0,100,0,0,0,0,0,0,0,0,0,0,5018,0,60,0,0,0,0,0,0,0,0,0,0,0,0,0,0,0,0,0
2026-09-28T19:37:53Z,161,0,0,0,0,0,11904516,1467,8758627,0,0,0,0,0,0,5439,0,0,0,0,0,0,0,463,9,0,-31,1,6,2858,0,0,0,0,0, ,0,0,0,0,0,0,5429,0,0,0,943,1,369,0,0,0,0,0,0,0,0,0,0,0,0,0,0,0,0,0,0,0,0,0,0,0,0,0,0,0,0,0,0,0,0,0,0,0,1790607530214,3145728,0,0,0,0,0,0,0,0,0,0,0,3,0,0,0,0,0,0,0,0,0,0,0,0,0,0,0,0,0,0,0,0,0,0,0,3,6,127796344,-1,0,0,0,0,0,0,0,0,0,0,0,0,1,0,50,0,2,0,100,0,0,0,0,0,0,0,0,0,0,5359,0,69,0,0,0,0,0,0,0,0,0,0,0,0,0,0,0,0,0
2026-09-28T19:38:53Z,161,0,0,0,0,0,11920156,1467,8774267,0,0,0,0,0,0,5003,0,0,0,0,0,0,0,463,9,0,-31,1,6,2464,0,0,0,0,0, ,0,0,0,0,0,0,5003,0,0,0,943,1,369,0,0,0,0,0,0,0,0,0,0,0,0,0,0,0,0,0,0,0,0,0,0,0,0,0,0,0,0,0,0,0,0,0,0,0,1790607530214,3145728,0,0,0,0,0,0,0,0,0,0,0,3,0,0,0,0,0,0,0,0,0,0,0,0,0,0,0,0,0,0,0,0,0,0,0,3,5,143378976,-1,0,0,0,0,0,0,0,0,0,0,0,0,0,0,0,0,0,0,0,0,0,0,0,0,0,0,0,0,0,4921,0,82,0,0,0,0,0,0,0,0,0,0,0,0,0,0,0,0,0
2026-09-28T19:39:53Z,161,0,0,0,0,0,11921124,1467,8775235,0,0,0,0,0,0,5463,0,0,0,0,0,0,0,463,9,0,-31,1,6,2896,0,0,0,0,0, ,0,0,0,0,0,0,5459,0,0,0,943,1,369,0,0,0,0,0,0,0,0,0,0,0,0,0,0,0,0,0,0,0,0,0,0,0,0,0,0,0,0,0,0,0,0,0,0,0,1790607530214,3145728,0,0,0,0,0,0,0,0,0,0,0,3,0,0,0,0,0,0,0,0,0,0,0,0,0,0,0,0,0,0,0,0,0,0,0,3,6,168096024,-1,0,0,0,0,0,0,0,0,0,0,0,0,0,0,50,0,2,0,100,0,0,0,0,0,0,0,0,0,0,5398,0,61,0,0,0,0,0,0,0,0,0,0,0,0,0,0,0,0,0
2026-09-28T19:40:53Z,161,0,0,0,0,0,11924020,1467,8778131,0,0,0,0,0,0,5079,0,0,0,0,0,0,0,463,9,0,-31,1,6,2592,0,0,0,0,0, ,0,0,0,0,0,0,5075,0,0,0,943,1,369,0,0,0,0,0,0,0,0,0,0,0,0,0,0,0,0,0,0,0,0,0,0,0,0,0,0,0,0,0,0,0,0,0,0,0,1790607530214,3145728,0,0,0,0,0,0,0,0,0,0,0,3,0,0,0,0,0,0,0,0,0,0,0,0,0,0,0,0,0,0,0,0,0,0,0,3,6,203023272,-1,0,0,0,0,0,0,0,0,0,0,0,0,0,0,50,0,2,0,100,0,0,0,0,0,0,0,0,0,0,4996,0,79,0,0,0,0,0,0,0,0,0,0,0,0,0,0,0,0,0
2026-09-28T19:41:53Z,161,0,0,0,0,0,11925324,1467,8779435,0,0,0,0,0,0,4915,0,0,0,0,0,0,0,462,9,0,-32,1,6,2512,0,0,0,0,0, ,0,0,0,0,0,0,4905,0,0,0,943,1,369,0,0,0,0,0,0,0,0,0,0,0,0,0,0,0,0,0,0,0,0,0,0,0,0,0,0,0,0,0,0,0,0,0,0,0,1790607530214,3145728,0,0,0,0,0,0,0,0,0,0,0,3,0,0,0,0,0,0,0,0,0,0,0,0,0,0,0,0,0,0,0,0,0,0,0,3,5,130148376,-1,0,0,0,0,0,0,0,0,0,0,0,0,1,0,50,0,2,0,100,0,0,0,0,0,0,0,0,0,0,4848,0,57,0,0,0,0,0,0,0,0,0,0,0,0,0,0,0,0,0
2026-09-28T19:42:53Z,161,0,0,0,0,0,11976596,1467,8830707,0,0,0,0,0,0,6006,0,0,0,0,0,0,0,465,9,0,-32,1,6,2836,0,0,0,0,0, ,0,0,0,0,0,0,6006,0,0,0,943,1,369,0,0,0,0,0,0,0,0,0,0,0,0,0,0,0,0,0,0,0,0,0,0,0,0,0,0,0,0,0,0,0,0,0,0,0,1790607530214,3145728,0,0,0,0,0,0,0,0,0,0,0,3,0,0,0,0,0,0,0,0,0,0,0,0,0,0,0,0,0,0,0,0,0,0,0,3,5,158458136,-1,0,0,0,0,0,0,0,0,0,0,0,0,0,0,0,0,0,0,0,0,0,0,0,0,0,0,0,0,0,5809,0,194,0,0,0,0,0,0,0,0,0,0,0,0,0,0,0,0,0
2026-09-28T19:43:53Z,161,0,0,0,0,0,12005100,1467,8859211,0,0,0,0,0,0,5552,0,0,0,0,0,0,0,466,9,0,-32,1,6,2633,0,0,0,0,0, ,0,0,0,0,0,0,5552,0,0,0,943,1,369,0,0,0,0,0,0,0,0,0,0,0,0,0,0,0,0,0,0,0,0,0,0,0,0,0,0,0,0,0,0,0,0,0,0,0,1790607530214,3145728,0,0,0,0,0,0,0,0,0,0,0,3,0,0,0,0,0,0,0,0,0,0,0,0,0,0,0,0,0,0,0,0,0,0,0,3,6,167583336,-1,0,0,0,0,0,0,0,0,0,0,0,0,0,0,0,0,0,0,0,0,0,0,0,0,0,0,0,0,0,5388,0,163,0,0,0,0,0,0,0,0,0,0,0,0,0,0,0,0,0
2026-09-28T19:44:53Z,161,0,0,0,0,0,12043052,1467,8897163,0,0,0,0,0,0,6526,0,0,0,0,0,0,0,468,9,0,-32,1,6,3142,0,0,0,0,0, ,0,0,0,0,0,0,6522,0,0,0,943,1,369,0,0,0,0,0,0,0,0,0,0,0,0,0,0,0,0,0,0,0,0,0,0,0,0,0,0,0,0,0,0,0,0,0,0,0,1790607530214,3145728,0,0,0,0,0,0,0,0,0,0,0,3,0,0,0,0,0,0,0,0,0,0,0,0,0,0,0,0,0,0,0,0,0,0,0,3,5,139855800,-1,0,0,0,0,0,0,0,0,0,0,0,0,0,0,50,0,2,0,100,0,0,0,0,0,0,0,0,0,0,6227,0,293,0,0,0,0,0,0,0,0,0,0,0,0,0,0,0,0,0
2026-09-28T19:45:53Z,161,0,0,0,0,0,12122612,1467,8976723,0,0,0,0,0,0,6126,0,0,0,0,0,0,0,475,9,0,-32,1,6,2529,0,0,0,0,0, ,0,0,0,0,0,0,6122,0,0,0,943,1,369,0,0,0,0,0,0,0,0,0,0,0,0,0,0,0,0,0,0,0,0,0,0,0,0,0,0,0,0,0,0,0,0,0,0,0,1790607530214,3145728,0,0,0,0,0,0,0,0,0,0,0,3,0,0,0,0,0,0,0,0,0,0,0,0,0,0,0,0,0,0,0,0,0,0,0,3,5,129306200,-1,0,0,0,0,0,0,0,0,0,0,0,0,0,0,50,0,2,0,100,0,0,0,0,0,0,0,0,0,0,5641,0,474,0,0,0,0,0,0,0,0,0,0,0,0,0,0,0,0,0
2026-09-28T19:46:53Z,161,0,0,0,0,0,12161172,1467,9015283,0,0,0,0,0,0,5802,0,0,0,0,0,0,0,476,9,0,-32,1,6,2734,0,0,0,0,0, ,0,0,0,0,0,0,5802,0,0,0,943,1,369,0,0,0,0,0,0,0,0,0,0,0,0,0,0,0,0,0,0,0,0,0,0,0,0,0,0,0,0,0,0,0,0,0,0,0,1790607530214,3145728,0,0,0,0,0,0,0,0,0,0,0,3,0,0,0,0,0,0,0,0,0,0,0,0,0,0,0,0,0,0,0,0,0,0,0,3,5,88013192,-1,0,0,0,0,0,0,0,0,0,0,0,0,0,0,0,0,0,0,0,0,0,0,0,0,0,0,0,0,0,5589,0,212,0,0,0,0,0,0,0,0,0,0,0,0,0,0,0,0,0
2026-09-28T19:47:53Z,161,0,0,0,0,0,12185452,1467,9039563,0,0,0,0,0,0,5578,0,0,0,0,0,0,0,476,9,0,-32,1,6,2670,0,0,0,0,0, ,0,0,0,0,0,0,5578,0,0,0,943,1,369,0,0,0,0,0,0,0,0,0,0,0,0,0,0,0,0,0,0,0,0,0,0,0,0,0,0,0,0,0,0,0,0,0,0,0,1790607530214,3145728,0,0,0,0,0,0,0,0,0,0,0,3,0,0,0,0,0,0,0,0,0,0,0,0,0,0,0,0,0,0,0,0,0,0,0,3,5,92007216,-1,0,0,0,0,0,0,0,0,0,0,0,0,0,0,0,0,0,0,0,0,0,0,0,0,0,0,0,0,0,5445,0,133,0,0,0,0,0,0,0,0,0,0,0,0,0,0,0,0,0
2026-09-28T19:48:53Z,161,0,0,0,0,0,12202708,1467,9056819,0,0,0,0,0,0,5937,0,0,0,0,0,0,0,477,9,0,-33,1,6,2909,0,0,0,0,0, ,0,0,0,0,0,0,5927,0,0,0,943,1,369,0,0,0,0,0,0,0,0,0,0,0,0,0,0,0,0,0,0,0,0,0,0,0,0,0,0,0,0,0,0,0,0,0,0,0,1790607530214,3145728,0,0,0,0,0,0,0,0,0,0,0,3,0,0,0,0,0,0,0,0,0,0,0,0,0,0,0,0,0,0,0,0,0,0,0,3,6,127048952,-1,0,0,0,0,0,0,0,0,0,0,0,0,1,0,50,0,2,0,100,0,0,0,0,0,0,0,0,0,0,5748,0,177,0,0,0,0,0,0,0,0,0,0,0,0,0,0,0,0,0
2026-09-28T19:49:53Z,161,0,0,0,0,0,12221668,1467,9075779,0,0,0,0,0,0,5443,0,0,0,0,0,0,0,478,9,0,-33,1,6,2839,0,0,0,0,0, ,0,0,0,0,0,0,5443,0,0,0,943,1,369,0,0,0,0,0,0,0,0,0,0,0,0,0,0,0,0,0,0,0,0,0,0,0,0,0,0,0,0,0,0,0,0,0,0,0,1790607530214,3145728,0,0,0,0,0,0,0,0,0,0,0,3,0,0,0,0,0,0,0,0,0,0,0,0,0,0,0,0,0,0,0,0,0,0,0,3,6,81275096,-1,0,0,0,0,0,0,0,0,0,0,0,0,0,0,0,0,0,0,0,0,0,0,0,0,0,0,0,0,0,5375,0,67,0,0,0,0,0,0,0,0,0,0,0,0,0,0,0,0,0
2026-09-28T19:50:53Z,161,0,0,0,0,0,12240116,1467,9094227,0,0,0,0,0,0,5241,0,0,0,0,0,0,0,479,9,0,-33,1,6,2688,0,0,0,0,0, ,0,0,0,0,0,0,5241,0,0,0,943,1,369,0,0,0,0,0,0,0,0,0,0,0,0,0,0,0,0,0,0,0,0,0,0,0,0,0,0,0,0,0,0,0,0,0,0,0,1790607530214,3145728,0,0,0,0,0,0,0,0,0,0,0,3,0,0,0,0,0,0,0,0,0,0,0,0,0,0,0,0,0,0,0,0,0,0,0,2,3,198942952,-1,0,0,0,0,0,0,0,0,0,0,0,0,0,0,0,0,0,0,0,0,0,0,0,0,0,0,0,0,0,5155,0,85,0,0,0,0,0,0,0,0,0,0,0,0,0,0,0,0,0
2026-09-28T19:51:53Z,161,0,0,0,0,0,12248956,1467,9103067,0,0,0,0,0,0,5502,0,0,0,0,0,0,0,479,9,0,-33,1,6,2761,0,0,0,0,0, ,0,0,0,0,0,0,5502,0,0,0,943,1,369,0,0,0,0,0,0,0,0,0,0,0,0,0,0,0,0,0,0,0,0,0,0,0,0,0,0,0,0,0,0,0,0,0,0,0,1790607530214,3145728,0,0,0,0,0,0,0,0,0,0,0,3,0,0,0,0,0,0,0,0,0,0,0,0,0,0,0,0,0,0,0,0,0,0,0,3,5,153841200,-1,0,0,0,0,0,0,0,0,0,0,0,0,0,0,0,0,0,0,0,0,0,0,0,0,0,0,0,0,0,5445,0,57,0,0,0,0,0,0,0,0,0,0,0,0,0,0,0,0,0
2026-09-28T19:52:53Z,161,0,0,0,0,0,12348548,1467,9202659,0,0,0,0,0,0,6072,0,0,0,0,0,0,0,481,9,0,-33,1,6,2439,0,0,0,0,0, ,0,0,0,0,0,0,6068,0,0,0,943,1,369,0,0,0,0,0,0,0,0,0,0,0,0,0,0,0,0,0,0,0,0,0,0,0,0,0,0,0,0,0,0,0,0,0,0,0,1790607530214,3145728,0,0,0,0,0,0,0,0,0,0,0,3,0,0,0,0,0,0,0,0,0,0,0,0,0,0,0,0,0,0,0,0,0,0,0,3,5,135949992,-1,0,0,0,0,0,0,0,0,0,0,0,0,0,0,50,0,2,0,100,0,0,0,0,0,0,0,0,0,0,5538,0,528,0,0,0,0,0,0,0,0,0,0,0,0,0,0,0,0,0
2026-09-28T19:53:53Z,161,0,0,0,0,0,12379076,1467,9233187,0,0,0,0,0,0,6246,0,0,0,0,0,0,0,482,9,0,-34,1,6,3054,0,0,0,0,0, ,0,0,0,0,0,0,6236,0,0,0,943,1,369,0,0,0,0,0,0,0,0,0,0,0,0,0,0,0,0,0,0,0,0,0,0,0,0,0,0,0,0,0,0,0,0,0,0,0,1790607530214,3145728,0,0,0,0,0,0,0,0,0,0,0,3,0,0,0,0,0,0,0,0,0,0,0,0,0,0,0,0,0,0,0,0,0,0,0,3,6,181765944,-1,0,0,0,0,0,0,0,0,0,0,0,0,1,0,50,0,2,0,100,0,0,0,0,0,0,0,0,0,0,6013,0,221,0,0,0,0,0,0,0,0,0,0,0,0,0,0,0,0,0
2026-09-28T19:54:53Z,161,0,0,0,0,0,12403268,1467,9257379,0,0,0,0,0,0,4574,0,0,0,0,0,0,0,483,9,0,-34,1,6,2146,0,0,0,0,0, ,0,0,0,0,0,0,4574,0,0,0,943,1,369,0,0,0,0,0,0,0,0,0,0,0,0,0,0,0,0,0,0,0,0,0,0,0,0,0,0,0,0,0,0,0,0,0,0,0,1790607530214,3145728,0,0,0,0,0,0,0,0,0,0,0,3,0,0,0,0,0,0,0,0,0,0,0,0,0,0,0,0,0,0,0,0,0,0,0,3,5,51053440,-1,0,0,0,0,0,0,0,0,0,0,0,0,0,0,0,0,0,0,0,0,0,0,0,0,0,0,0,0,0,4422,0,151,0,0,0,0,0,0,0,0,0,0,0,0,0,0,0,0,0
2026-09-28T19:55:53Z,161,0,0,0,0,0,12438212,1467,9292323,0,0,0,0,0,0,6135,0,0,0,0,0,0,0,485,9,0,-34,1,6,3013,0,0,0,0,0, ,0,0,0,0,0,0,6135,0,0,0,943,1,369,0,0,0,0,0,0,0,0,0,0,0,0,0,0,0,0,0,0,0,0,0,0,0,0,0,0,0,0,0,0,0,0,0,0,0,1790607530214,3145728,0,0,0,0,0,0,0,0,0,0,0,3,0,0,0,0,0,0,0,0,0,0,0,0,0,0,0,0,0,0,0,0,0,0,0,2,4,194204176,-1,0,0,0,0,0,0,0,0,0,0,0,0,0,0,0,0,0,0,0,0,0,0,0,0,0,0,0,0,0,5949,0,184,0,0,0,0,0,0,0,0,0,0,0,0,0,0,0,0,0
2026-09-28T19:56:53Z,161,0,0,0,0,0,12464084,1467,9318195,0,0,0,0,0,0,6122,0,0,0,0,0,0,0,486,9,0,-34,1,6,3064,0,0,0,0,0, ,0,0,0,0,0,0,6122,0,0,0,943,1,369,0,0,0,0,0,0,0,0,0,0,0,0,0,0,0,0,0,0,0,0,0,0,0,0,0,0,0,0,0,0,0,0,0,0,0,1790607530214,3145728,0,0,0,0,0,0,0,0,0,0,0,3,0,0,0,0,0,0,0,0,0,0,0,0,0,0,0,0,0,0,0,0,0,0,0,3,6,156584880,-1,0,0,0,0,0,0,0,0,0,0,0,0,0,0,0,0,0,0,0,0,0,0,0,0,0,0,0,0,0,5966,0,155,0,0,0,0,0,0,0,0,0,0,0,0,0,0,0,0,0
2026-09-28T19:57:53Z,161,0,0,0,0,0,12501748,1467,9355859,0,0,0,0,0,0,7069,0,0,0,0,0,0,0,489,10,0,-34,1,5,3344,0,0,0,0,0, ,0,0,0,0,0,0,7065,0,0,0,943,1,369,0,0,0,0,0,0,0,0,0,0,0,0,0,0,0,0,0,0,0,0,0,0,0,0,0,0,0,0,0,0,0,0,0,0,0,1790607530214,3145728,0,0,0,0,0,0,0,0,0,0,0,3,0,0,0,0,0,0,0,0,0,0,0,0,0,0,0,0,0,0,0,0,0,0,0,3,5,137074296,-1,0,0,0,0,0,0,0,0,0,0,0,0,0,0,50,0,2,0,100,0,0,0,0,0,0,0,0,0,0,6810,0,252,0,0,0,0,0,0,0,0,0,0,0,0,0,0,0,0,0
2026-09-28T19:58:53Z,161,0,0,0,0,0,12509772,1467,9363883,0,0,0,0,0,0,6358,0,0,0,0,0,0,0,489,10,0,-34,1,5,3045,0,0,0,0,0, ,0,0,0,0,0,0,6354,0,0,0,943,1,369,0,0,0,0,0,0,0,0,0,0,0,0,0,0,0,0,0,0,0,0,0,0,0,0,0,0,0,0,0,0,0,0,0,0,0,1790607530214,3145728,0,0,0,0,0,0,0,0,0,0,0,3,0,0,0,0,0,0,0,0,0,0,0,0,0,0,0,0,0,0,0,0,0,0,0,3,6,78447512,-1,0,0,0,0,0,0,0,0,0,0,0,0,0,0,50,0,2,0,100,0,0,0,0,0,0,0,0,0,0,6250,0,104,0,0,0,0,0,0,0,0,0,0,0,0,0,0,0,0,0
2026-09-28T19:59:53Z,161,0,0,0,0,0,12582436,1467,9436547,0,0,0,0,0,0,6083,0,0,0,0,0,0,0,493,10,0,-34,1,5,2527,0,0,0,0,0, ,0,0,0,0,0,0,6083,0,0,0,943,1,369,0,0,0,0,0,0,0,0,0,0,0,0,0,0,0,0,0,0,0,0,0,0,0,0,0,0,0,0,0,0,0,0,0,0,0,1790607530214,3145728,0,0,0,0,0,0,0,0,0,0,0,3,0,0,0,0,0,0,0,0,0,0,0,0,0,0,0,0,0,0,0,0,0,0,0,2,5,186191144,-1,0,0,0,0,0,0,0,0,0,0,0,0,0,0,0,0,0,0,0,0,0,0,0,0,0,0,0,0,0,5662,0,417,0,0,0,0,0,0,0,0,0,0,0,0,0,0,0,0,0
2026-09-28T20:00:53Z,161,0,0,0,0,0,12636404,1467,9490515,0,0,0,0,0,0,5209,0,0,0,0,0,0,0,498,10,0,-34,1,5,2301,0,0,0,0,0, ,0,0,0,0,0,0,5209,0,0,0,943,1,369,0,0,0,0,0,0,0,0,0,0,0,0,0,0,0,0,0,0,0,0,0,0,0,0,0,0,0,0,0,0,0,0,0,0,0,1790607530214,3145728,0,0,0,0,0,0,0,0,0,0,0,3,0,0,0,0,0,0,0,0,0,0,0,0,0,0,0,0,0,0,0,0,0,0,0,3,6,96048536,-1,0,0,0,0,0,0,0,0,0,0,0,0,0,0,0,0,0,0,0,0,0,0,0,0,0,0,0,0,0,4944,0,260,0,0,0,0,0,0,0,0,0,0,0,0,0,0,0,0,0
2026-09-28T20:01:53Z,161,0,0,0,0,0,12653988,1467,9508099,0,0,0,0,0,0,4656,0,0,0,0,0,0,0,498,10,0,-35,1,5,2153,0,0,0,0,0, ,0,0,0,0,0,0,4646,0,0,0,943,1,369,0,0,0,0,0,0,0,0,0,0,0,0,0,0,0,0,0,0,0,0,0,0,0,0,0,0,0,0,0,0,0,0,0,0,0,1790607530214,3145728,0,0,0,0,0,0,0,0,0,0,0,3,0,0,0,0,0,0,0,0,0,0,0,0,0,0,0,0,0,0,0,0,0,0,0,3,5,79469920,-1,0,0,0,0,0,0,0,0,0,0,0,0,1,0,50,0,2,0,100,0,0,0,0,0,0,0,0,0,0,4447,0,198,0,0,0,0,0,0,0,0,0,0,0,0,0,0,0,0,0
2026-09-28T20:02:53Z,161,0,0,0,0,0,12667796,1467,9521907,0,0,0,0,0,0,5239,0,0,0,0,0,0,0,499,10,0,-35,1,5,2526,0,0,0,0,0, ,0,0,0,0,0,0,5235,0,0,0,943,1,369,0,0,0,0,0,0,0,0,0,0,0,0,0,0,0,0,0,0,0,0,0,0,0,0,0,0,0,0,0,0,0,0,0,0,0,1790607530214,3145728,0,0,0,0,0,0,0,0,0,0,0,3,0,0,0,0,0,0,0,0,0,0,0,0,0,0,0,0,0,0,0,0,0,0,0,3,6,77659792,-1,0,0,0,0,0,0,0,0,0,0,0,0,0,0,50,0,2,0,100,0,0,0,0,0,0,0,0,0,0,5082,0,152,0,0,0,0,0,0,0,0,0,0,0,0,0,0,0,0,0
2026-09-28T20:03:53Z,161,0,0,0,0,0,12682780,1467,9536891,0,0,0,0,0,0,4917,0,0,0,0,0,0,0,500,10,0,-35,1,5,2436,0,0,0,0,0, ,0,0,0,0,0,0,4917,0,0,0,943,1,369,0,0,0,0,0,0,0,0,0,0,0,0,0,0,0,0,0,0,0,0,0,0,0,0,0,0,0,0,0,0,0,0,0,0,0,1790607530214,3145728,0,0,0,0,0,0,0,0,0,0,0,3,0,0,0,0,0,0,0,0,0,0,0,0,0,0,0,0,0,0,0,0,0,0,0,3,6,118129144,-1,0,0,0,0,0,0,0,0,0,0,0,0,0,0,0,0,0,0,0,0,0,0,0,0,0,0,0,0,0,4872,0,44,0,0,0,0,0,0,0,0,0,0,0,0,0,0,0,0,0
2026-09-28T20:04:53Z,161,0,0,0,0,0,12738836,1467,9592947,0,0,0,0,0,0,6542,0,0,0,0,0,0,0,504,10,0,-36,1,5,3078,0,0,0,0,0, ,0,0,0,0,0,0,6532,0,0,0,943,1,369,0,0,0,0,0,0,0,0,0,0,0,0,0,0,0,0,0,0,0,0,0,0,0,0,0,0,0,0,0,0,0,0,0,0,0,1790607530214,3145728,0,0,0,0,0,0,0,0,0,0,0,3,0,0,0,0,0,0,0,0,0,0,0,0,0,0,0,0,0,0,0,0,0,0,0,4,7,69031640,-1,0,0,0,0,0,0,0,0,0,0,0,0,1,0,50,0,2,0,100,0,0,0,0,0,0,0,0,0,0,6262,0,265,0,0,0,0,0,0,0,0,0,0,0,0,0,0,0,0,0
2026-09-28T20:05:53Z,161,0,0,0,0,0,12756108,1467,9610219,0,0,0,0,0,0,6263,0,0,0,0,0,0,0,507,10,0,-36,1,5,3184,0,0,0,0,0, ,0,0,0,0,0,0,6259,0,0,0,943,1,369,0,0,0,0,0,0,0,0,0,0,0,0,0,0,0,0,0,0,0,0,0,0,0,0,0,0,0,0,0,0,0,0,0,0,0,1790607530214,3145728,0,0,0,0,0,0,0,0,0,0,0,3,0,0,0,0,0,0,0,0,0,0,0,0,0,0,0,0,0,0,0,0,0,0,0,3,7,144736432,-1,0,0,0,0,0,0,0,0,0,0,0,0,0,0,50,0,2,0,100,0,0,0,0,0,0,0,0,0,0,6163,0,93,0,0,0,0,0,0,0,0,0,0,0,0,0,0,0,0,0
2026-09-28T20:06:53Z,161,0,0,0,0,0,12768844,1467,9622955,0,0,0,0,0,0,6364,0,0,0,0,0,0,0,509,10,0,-36,1,5,3163,0,0,0,0,0, ,0,0,0,0,0,0,6360,0,0,0,943,1,369,0,0,0,0,0,0,0,0,0,0,0,0,0,0,0,0,0,0,0,0,0,0,0,0,0,0,0,0,0,0,0,0,0,0,0,1790607530214,3145728,0,0,0,0,0,0,0,0,0,0,0,3,0,0,0,0,0,0,0,0,0,0,0,0,0,0,0,0,0,0,0,0,0,0,0,3,5,136703304,-1,0,0,0,0,0,0,0,0,0,0,0,0,0,0,50,0,2,0,100,0,0,0,0,0,0,0,0,0,0,6220,0,138,0,0,0,0,0,0,0,0,0,0,0,0,0,0,0,0,0
2026-09-28T20:07:53Z,161,0,0,0,0,0,12829396,1467,9683507,0,0,0,0,0,0,6884,0,0,0,0,0,0,0,512,10,0,-36,1,5,3235,0,0,0,0,0, ,0,0,0,0,0,0,6884,0,0,0,943,1,369,0,0,0,0,0,0,0,0,0,0,0,0,0,0,0,0,0,0,0,0,0,0,0,0,0,0,0,0,0,0,0,0,0,0,0,1790607530214,3145728,0,0,0,0,0,0,0,0,0,0,0,3,0,0,0,0,0,0,0,0,0,0,0,0,0,0,0,0,0,0,0,0,0,0,0,3,6,160074016,-1,0,0,0,0,0,0,0,0,0,0,0,0,0,0,0,0,0,0,0,0,0,0,0,0,0,0,0,0,0,6639,0,242,0,0,0,0,0,0,0,0,0,0,0,0,0,0,0,0,0
2026-09-28T20:08:53Z,161,0,0,0,0,0,12880292,1467,9734403,0,0,0,0,0,0,6813,0,0,0,0,0,0,0,516,10,0,-36,1,5,3169,0,0,0,0,0, ,0,0,0,0,0,0,6813,0,0,0,943,1,369,0,0,0,0,0,0,0,0,0,0,0,0,0,0,0,0,0,0,0,0,0,0,0,0,0,0,0,0,0,0,0,0,0,0,0,1790607530214,3145728,0,0,0,0,0,0,0,0,0,0,0,3,0,0,0,0,0,0,0,0,0,0,0,0,0,0,0,0,0,0,0,0,0,0,0,3,6,138986888,-1,0,0,0,0,0,0,0,0,0,0,0,0,0,0,0,0,0,0,0,0,0,0,0,0,0,0,0,0,0,6555,0,254,0,0,0,0,0,0,0,0,0,0,0,0,0,0,0,0,0
2026-09-28T20:09:53Z,161,0,0,0,0,0,12906972,1467,9761083,0,0,0,0,0,0,6825,0,0,0,0,0,0,0,517,10,0,-36,1,5,3377,0,0,0,0,0, ,0,0,0,0,0,0,6819,0,0,0,943,1,369,0,0,0,0,0,0,0,0,0,0,0,0,0,0,0,0,0,0,0,0,0,0,0,0,0,0,0,0,0,0,0,0,0,0,0,1790607530214,3145728,0,0,0,0,0,0,0,0,0,0,0,3,0,0,0,0,0,0,0,0,0,0,0,0,0,0,0,0,0,0,0,0,0,0,0,3,5,155122112,-1,0,0,0,0,0,0,0,0,0,0,2,0,0,0,50,0,2,0,100,0,0,0,0,0,0,0,0,0,0,6622,0,196,0,0,0,0,0,0,0,0,0,0,0,0,0,0,0,0,0
2026-09-28T20:10:53Z,161,0,0,0,0,0,12939020,1467,9793131,0,0,0,0,0,0,6451,0,0,0,0,0,0,0,517,10,0,-37,1,5,3031,0,0,0,0,0, ,0,0,0,0,0,0,6447,0,0,0,943,1,369,0,0,0,0,0,0,0,0,0,0,0,0,0,0,0,0,0,0,0,0,0,0,0,0,0,0,0,0,0,0,0,0,0,0,0,1790607530214,3145728,0,0,0,0,0,0,0,0,0,0,0,3,0,0,0,0,0,0,0,0,0,0,0,0,0,0,0,0,0,0,0,0,0,0,0,3,5,134436416,-1,0,0,0,0,0,0,0,0,0,0,0,0,1,0,0,0,0,0,0,0,0,0,0,0,0,0,0,0,0,6289,0,157,0,0,0,0,0,0,0,0,0,0,0,0,0,0,0,0,0
2026-09-28T20:11:53Z,161,0,0,0,0,0,12940580,1467,9794691,0,0,0,0,0,0,7004,0,0,0,0,0,0,0,517,10,0,-37,1,5,3567,0,0,0,0,0, ,0,0,0,0,0,0,7000,0,0,0,943,1,369,0,0,0,0,0,0,0,0,0,0,0,0,0,0,0,0,0,0,0,0,0,0,0,0,0,0,0,0,0,0,0,0,0,0,0,1790607530214,3145728,0,0,0,0,0,0,0,0,0,0,0,3,0,0,0,0,0,0,0,0,0,0,0,0,0,0,0,0,0,0,0,0,0,0,0,4,8,59406048,-1,0,0,0,0,0,0,0,0,0,0,0,0,0,0,50,0,2,0,100,0,0,0,0,0,0,0,0,0,0,6908,0,92,0,0,0,0,0,0,0,0,0,0,0,0,0,0,0,0,0
2026-09-28T20:12:53Z,161,0,0,0,0,0,12993380,1467,9847491,0,0,0,0,0,0,6795,0,0,0,0,0,0,0,521,10,0,-37,1,5,3155,0,0,0,0,0, ,0,0,0,0,0,0,6795,0,0,0,943,1,369,0,0,0,0,0,0,0,0,0,0,0,0,0,0,0,0,0,0,0,0,0,0,0,0,0,0,0,0,0,0,0,0,0,0,0,1790607530214,3145728,0,0,0,0,0,0,0,0,0,0,0,3,0,0,0,0,0,0,0,0,0,0,0,0,0,0,0,0,0,0,0,0,0,0,0,3,5,119442664,-1,0,0,0,0,0,0,0,0,0,0,0,0,0,0,0,0,0,0,0,0,0,0,0,0,0,0,0,0,0,6558,0,233,0,0,0,0,0,0,0,0,0,0,0,0,0,0,0,0,0
2026-09-28T20:13:53Z,161,0,0,0,0,0,13013980,1467,9868091,0,0,0,0,0,0,5997,0,0,0,0,0,0,0,523,10,0,-38,1,5,2919,0,0,0,0,0, ,0,0,0,0,0,0,5987,0,0,0,943,1,369,0,0,0,0,0,0,0,0,0,0,0,0,0,0,0,0,0,0,0,0,0,0,0,0,0,0,0,0,0,0,0,0,0,0,0,1790607530214,3145728,0,0,0,0,0,0,0,0,0,0,0,3,0,0,0,0,0,0,0,0,0,0,0,0,0,0,0,0,0,0,0,0,0,0,0,3,6,81877144,-1,0,0,0,0,0,0,0,0,0,0,0,0,1,0,50,0,2,0,100,0,0,0,0,0,0,0,0,0,0,5806,0,178,0,0,0,0,0,0,0,0,0,0,0,0,0,0,0,0,0
2026-09-28T20:14:53Z,161,0,0,0,0,0,13072108,1467,9926219,0,0,0,0,0,0,6949,0,0,0,0,0,0,0,526,10,0,-38,1,5,3293,0,0,0,0,0, ,0,0,0,0,0,0,6949,0,0,0,943,1,369,0,0,0,0,0,0,0,0,0,0,0,0,0,0,0,0,0,0,0,0,0,0,0,0,0,0,0,0,0,0,0,0,0,0,0,1790607530214,3145728,0,0,0,0,0,0,0,0,0,0,0,3,0,0,0,0,0,0,0,0,0,0,0,0,0,0,0,0,0,0,0,0,0,0,0,3,5,95551608,-1,0,0,0,0,0,0,0,0,0,0,0,0,0,0,0,0,0,0,0,0,0,0,0,0,0,0,0,0,0,6642,0,304,0,0,0,0,0,0,0,0,0,0,0,0,0,0,0,0,0
2026-09-28T20:15:53Z,161,0,0,0,0,0,13142060,1467,9996171,0,0,0,0,0,0,6287,0,0,0,0,0,0,0,531,11,0,-38,1,5,2826,0,0,0,0,0, ,0,0,0,0,0,0,6287,0,0,0,943,1,369,0,0,0,0,0,0,0,0,0,0,0,0,0,0,0,0,0,0,0,0,0,0,0,0,0,0,0,0,0,0,0,0,0,0,0,1790607530214,3145728,0,0,0,0,0,0,0,0,0,0,0,3,0,0,0,0,0,0,0,0,0,0,0,0,0,0,0,0,0,0,0,0,0,0,0,2,4,147637096,-1,0,0,0,0,0,0,0,0,0,0,0,0,0,0,0,0,0,0,0,0,0,0,0,0,0,0,0,0,0,5952,0,330,0,0,0,0,0,0,0,0,0,0,0,0,0,0,0,0,0
2026-09-28T20:16:53Z,161,0,0,0,0,0,13216812,1467,10070923,0,0,0,0,0,0,6660,0,0,0,0,0,0,0,537,11,0,-38,1,5,2968,0,0,0,0,0, ,0,0,0,0,0,0,6660,0,0,0,943,1,369,0,0,0,0,0,0,0,0,0,0,0,0,0,0,0,0,0,0,0,0,0,0,0,0,0,0,0,0,0,0,0,0,0,0,0,1790607530214,3145728,0,0,0,0,0,0,0,0,0,0,0,3,0,0,0,0,0,0,0,0,0,0,0,0,0,0,0,0,0,0,0,0,0,0,0,2,3,152397784,-1,0,0,0,0,0,0,0,0,0,0,0,0,0,0,0,0,0,0,0,0,0,0,0,0,0,0,0,0,0,6286,0,368,0,0,0,0,0,0,0,0,0,0,0,0,0,0,0,0,0
2026-09-28T20:17:53Z,161,0,0,0,0,0,13272956,1467,10127067,0,0,0,0,0,0,6271,0,0,0,0,0,0,0,540,11,0,-38,1,5,2844,0,0,0,0,0, ,0,0,0,0,0,0,6271,0,0,0,943,1,369,0,0,0,0,0,0,0,0,0,0,0,0,0,0,0,0,0,0,0,0,0,0,0,0,0,0,0,0,0,0,0,0,0,0,0,1790607530214,3145728,0,0,0,0,0,0,0,0,0,0,0,3,0,0,0,0,0,0,0,0,0,0,0,0,0,0,0,0,0,0,0,0,0,0,0,3,5,59796384,-1,0,0,0,0,0,0,0,0,0,0,0,0,0,0,0,0,0,0,0,0,0,0,0,0,0,0,0,0,0,5946,0,322,0,0,0,0,0,0,0,0,0,0,0,0,0,0,0,0,0
2026-09-28T20:18:53Z,161,0,0,0,0,0,13299276,1467,10153387,0,0,0,0,0,0,7144,0,0,0,0,0,0,0,542,11,0,-38,1,5,3519,0,0,0,0,0, ,0,0,0,0,0,0,7140,0,0,0,943,1,369,0,0,0,0,0,0,0,0,0,0,0,0,0,0,0,0,0,0,0,0,0,0,0,0,0,0,0,0,0,0,0,0,0,0,0,1790607530214,3145728,0,0,0,0,0,0,0,0,0,0,0,3,0,0,0,0,0,0,0,0,0,0,0,0,0,0,0,0,0,0,0,0,0,0,0,3,6,88498072,-1,0,0,0,0,0,0,0,0,0,0,0,0,0,0,50,0,2,0,100,0,0,0,0,0,0,0,0,0,0,6882,0,256,0,0,0,0,0,0,0,0,0,0,0,0,0,0,0,0,0
2026-09-28T20:19:53Z,161,0,0,0,0,0,13316356,1467,10170467,0,0,0,0,0,0,6703,0,0,0,0,0,0,0,542,11,0,-38,1,5,3435,0,0,0,0,0, ,0,0,0,0,0,0,6703,0,0,0,943,1,369,0,0,0,0,0,0,0,0,0,0,0,0,0,0,0,0,0,0,0,0,0,0,0,0,0,0,0,0,0,0,0,0,0,0,0,1790607530214,3145728,0,0,0,0,0,0,0,0,0,0,0,3,0,0,0,0,0,0,0,0,0,0,0,0,0,0,0,0,0,0,0,0,0,0,0,3,6,134933608,-1,0,0,0,0,0,0,0,0,0,0,0,0,0,0,0,0,0,0,0,0,0,0,0,0,0,0,0,0,0,6614,0,89,0,0,0,0,0,0,0,0,0,0,0,0,0,0,0,0,0
2026-09-28T20:20:53Z,161,0,0,0,0,0,13315908,1467,10170019,0,0,0,0,0,0,6287,0,0,0,0,0,0,0,543,11,0,-38,1,5,3321,0,0,0,0,0, ,0,0,0,0,0,0,6283,0,0,0,943,1,369,0,0,0,0,0,0,0,0,0,0,0,0,0,0,0,0,0,0,0,0,0,0,0,0,0,0,0,0,0,0,0,0,0,0,0,1790607530214,3145728,0,0,0,0,0,0,0,0,0,0,0,3,0,0,0,0,0,0,0,0,0,0,0,0,0,0,0,0,0,0,0,0,0,0,0,3,5,173004240,-1,0,0,0,0,0,0,0,0,0,0,0,0,0,0,50,0,2,0,100,0,0,0,0,0,0,0,0,0,0,6219,0,63,0,0,0,0,0,0,0,0,0,0,0,0,0,0,0,0,0
2026-09-28T20:21:53Z,161,0,0,0,0,0,13345892,1467,10200003,0,0,0,0,0,0,7136,0,0,0,0,0,0,0,545,11,0,-38,1,5,3421,0,0,0,0,0, ,0,0,0,0,0,0,7136,0,0,0,943,1,369,0,0,0,0,0,0,0,0,0,0,0,0,0,0,0,0,0,0,0,0,0,0,0,0,0,0,0,0,0,0,0,0,0,0,0,1790607530214,3145728,0,0,0,0,0,0,0,0,0,0,0,3,0,0,0,0,0,0,0,0,0,0,0,0,0,0,0,0,0,0,0,0,0,0,0,4,8,96271992,-1,0,0,0,0,0,0,0,0,0,0,0,0,0,0,0,0,0,0,0,0,0,0,0,0,0,0,0,0,0,6931,0,203,0,0,0,0,0,0,0,0,0,0,0,0,0,0,0,0,0
2026-09-28T20:22:53Z,161,0,0,0,0,0,13350316,1467,10204427,0,0,0,0,0,0,6792,0,0,0,0,0,0,0,544,11,0,-39,1,5,3532,0,0,0,0,0, ,0,0,0,0,0,0,6782,0,0,0,943,1,369,0,0,0,0,0,0,0,0,0,0,0,0,0,0,0,0,0,0,0,0,0,0,0,0,0,0,0,0,0,0,0,0,0,0,0,1790607530214,3145728,0,0,0,0,0,0,0,0,0,0,0,3,0,0,0,0,0,0,0,0,0,0,0,0,0,0,0,0,0,0,0,0,0,0,0,3,5,141415128,-1,0,0,0,0,0,0,0,0,0,0,0,0,1,0,50,0,2,0,100,0,0,0,0,0,0,0,0,0,0,6695,0,87,0,0,0,0,0,0,0,0,0,0,0,0,0,0,0,0,0
2026-09-28T20:23:53Z,161,0,0,0,0,0,13352340,1467,10206451,0,0,0,0,0,0,6507,0,0,0,0,0,0,0,545,11,0,-39,1,5,3290,0,0,0,0,0, ,0,0,0,0,0,0,6503,0,0,0,943,1,369,0,0,0,0,0,0,0,0,0,0,0,0,0,0,0,0,0,0,0,0,0,0,0,0,0,0,0,0,0,0,0,0,0,0,0,1790607530214,3145728,0,0,0,0,0,0,0,0,0,0,0,3,0,0,0,0,0,0,0,0,0,0,0,0,0,0,0,0,0,0,0,0,0,0,0,3,5,155788208,-1,0,0,0,0,0,0,0,0,0,0,0,0,0,0,50,0,2,0,100,0,0,0,0,0,0,0,0,0,0,6434,0,68,0,0,0,0,0,0,0,0,0,0,0,0,0,0,0,0,0
2026-09-28T20:24:53Z,161,0,0,0,0,0,13360140,1467,10214251,0,0,0,0,0,0,6951,0,0,0,0,0,0,0,546,11,0,-40,1,5,3640,0,0,0,0,0, ,0,0,0,0,0,0,6941,0,0,0,943,1,369,0,0,0,0,0,0,0,0,0,0,0,0,0,0,0,0,0,0,0,0,0,0,0,0,0,0,0,0,0,0,0,0,0,0,0,1790607530214,3145728,0,0,0,0,0,0,0,0,0,0,0,3,0,0,0,0,0,0,0,0,0,0,0,0,0,0,0,0,0,0,0,0,0,0,0,4,7,65991104,-1,0,0,0,0,0,0,0,0,0,0,0,0,1,0,50,0,2,0,100,0,0,0,0,0,0,0,0,0,0,6863,0,76,0,0,0,0,0,0,0,0,0,0,0,0,0,0,0,0,0
2026-09-28T20:25:53Z,161,0,0,0,0,0,13367500,1467,10221611,0,0,0,0,0,0,6290,0,0,0,0,0,0,0,546,11,0,-40,1,5,3233,0,0,0,0,0, ,0,0,0,0,0,0,6290,0,0,0,943,1,369,0,0,0,0,0,0,0,0,0,0,0,0,0,0,0,0,0,0,0,0,0,0,0,0,0,0,0,0,0,0,0,0,0,0,0,1790607530214,3145728,0,0,0,0,0,0,0,0,0,0,0,3,0,0,0,0,0,0,0,0,0,0,0,0,0,0,0,0,0,0,0,0,0,0,0,3,5,113178240,-1,0,0,0,0,0,0,0,0,0,0,0,0,0,0,0,0,0,0,0,0,0,0,0,0,0,0,0,0,0,6222,0,68,0,0,0,0,0,0,0,0,0,0,0,0,0,0,0,0,0
2026-09-28T20:26:53Z,161,0,0,0,0,0,13378292,1467,10232403,0,0,0,0,0,0,6318,0,0,0,0,0,0,0,547,11,0,-40,1,5,3314,0,0,0,0,0, ,0,0,0,0,0,0,6314,0,0,0,943,1,369,0,0,0,0,0,0,0,0,0,0,0,0,0,0,0,0,0,0,0,0,0,0,0,0,0,0,0,0,0,0,0,0,0,0,0,1790607530214,3145728,0,0,0,0,0,0,0,0,0,0,0,3,0,0,0,0,0,0,0,0,0,0,0,0,0,0,0,0,0,0,0,0,0,0,0,3,6,154054664,-1,0,0,0,0,0,0,0,0,0,0,0,0,0,0,50,0,2,0,100,0,0,0,0,0,0,0,0,0,0,6248,0,65,0,0,0,0,0,0,0,0,0,0,0,0,0,0,0,0,0
2026-09-28T20:27:53Z,161,0,0,0,0,0,13389948,1467,10244059,0,0,0,0,0,0,6886,0,0,0,0,0,0,0,549,11,0,-40,1,5,3610,0,0,0,0,0, ,0,0,0,0,0,0,6882,0,0,0,943,1,369,0,0,0,0,0,0,0,0,0,0,0,0,0,0,0,0,0,0,0,0,0,0,0,0,0,0,0,0,0,0,0,0,0,0,0,1790607530214,3145728,0,0,0,0,0,0,0,0,0,0,0,3,0,0,0,0,0,0,0,0,0,0,0,0,0,0,0,0,0,0,0,0,0,0,0,4,7,82529632,-1,0,0,0,0,0,0,0,0,0,0,0,0,0,0,50,0,2,0,100,0,0,0,0,0,0,0,0,0,0,6795,0,85,0,0,0,0,0,0,0,0,0,0,0,0,0,0,0,0,0
2026-09-28T20:28:53Z,161,0,0,0,0,0,13422764,1467,10276875,0,0,0,0,0,0,6428,0,0,0,0,0,0,0,554,11,0,-40,1,5,3283,0,0,0,0,0, ,0,0,0,0,0,0,6428,0,0,0,943,1,369,0,0,0,0,0,0,0,0,0,0,0,0,0,0,0,0,0,0,0,0,0,0,0,0,0,0,0,0,0,0,0,0,0,0,0,1790607530214,3145728,0,0,0,0,0,0,0,0,0,0,0,3,0,0,0,0,0,0,0,0,0,0,0,0,0,0,0,0,0,0,0,0,0,0,0,3,5,118977920,-1,0,0,0,0,0,0,0,0,0,0,0,0,0,0,0,0,0,0,0,0,0,0,0,0,0,0,0,0,0,6314,0,109,0,0,0,0,0,0,0,0,0,0,0,0,0,0,0,0,0
2026-09-28T20:29:53Z,161,0,0,0,0,0,13476820,1467,10330931,0,0,0,0,0,0,6506,0,0,0,0,0,0,0,556,12,0,-40,1,5,3185,0,0,0,0,0, ,0,0,0,0,0,0,6506,0,0,0,943,1,369,0,0,0,0,0,0,0,0,0,0,0,0,0,0,0,0,0,0,0,0,0,0,0,0,0,0,0,0,0,0,0,0,0,0,0,1790607530214,3145728,0,0,0,0,0,0,0,0,0,0,0,3,0,0,0,0,0,0,0,0,0,0,0,0,0,0,0,0,0,0,0,0,0,0,0,3,5,130384000,-1,0,0,0,0,0,0,0,0,0,0,0,0,0,0,0,0,0,0,0,0,0,0,0,0,0,0,0,0,0,6296,0,208,0,0,0,0,0,0,0,0,0,0,0,0,0,0,0,0,0
2026-09-28T20:30:53Z,161,0,0,0,0,0,13491756,1467,10345867,0,0,0,0,0,0,6309,0,0,0,0,0,0,0,556,12,0,-40,1,5,3325,0,0,0,0,0, ,0,0,0,0,0,0,6309,0,0,0,943,1,369,0,0,0,0,0,0,0,0,0,0,0,0,0,0,0,0,0,0,0,0,0,0,0,0,0,0,0,0,0,0,0,0,0,0,0,1790607530214,3145728,0,0,0,0,0,0,0,0,0,0,0,3,0,0,0,0,0,0,0,0,0,0,0,0,0,0,0,0,0,0,0,0,0,0,0,3,5,96767888,-1,0,0,0,0,0,0,0,0,0,0,0,0,0,0,0,0,0,0,0,0,0,0,0,0,0,0,0,0,0,6238,0,71,0,0,0,0,0,0,0,0,0,0,0,0,0,0,0,0,0
2026-09-28T20:31:53Z,161,0,0,0,0,0,13477556,1467,10331667,0,0,0,0,0,0,5206,0,0,0,0,0,0,0,555,12,0,-41,1,5,2765,0,0,0,0,0, ,0,0,0,0,0,0,5196,0,0,0,943,1,369,0,0,0,0,0,0,0,0,0,0,0,0,0,0,0,0,0,0,0,0,0,0,0,0,0,0,0,0,0,0,0,0,0,0,0,1790607530214,3145728,0,0,0,0,0,0,0,0,0,0,0,3,0,0,0,0,0,0,0,0,0,0,0,0,0,0,0,0,0,0,0,0,0,0,0,3,6,56166512,-1,0,0,0,0,0,0,0,0,0,0,0,0,1,0,50,0,2,0,100,0,0,0,0,0,0,0,0,0,0,5146,0,50,0,0,0,0,0,0,0,0,0,0,0,0,0,0,0,0,0
2026-09-28T20:32:53Z,161,0,0,0,0,0,13510804,1467,10364915,0,0,0,0,0,0,6167,0,0,0,0,0,0,0,559,12,0,-41,1,5,3080,0,0,0,0,0, ,0,0,0,0,0,0,6163,0,0,0,943,1,369,0,0,0,0,0,0,0,0,0,0,0,0,0,0,0,0,0,0,0,0,0,0,0,0,0,0,0,0,0,0,0,0,0,0,0,1790607530214,3145728,0,0,0,0,0,0,0,0,0,0,0,3,0,0,0,0,0,0,0,0,0,0,0,0,0,0,0,0,0,0,0,0,0,0,0,2,4,178706992,-1,0,0,0,0,0,0,0,0,0,0,0,0,0,0,50,0,2,0,100,0,0,0,0,0,0,0,0,0,0,5933,0,226,0,0,0,0,0,0,0,0,0,0,0,0,0,0,0,0,0
2026-09-28T20:33:53Z,161,0,0,0,0,0,13567340,1467,10421451,0,0,0,0,0,0,6105,0,0,0,0,0,0,0,563,12,0,-41,1,5,2947,0,0,0,0,0, ,0,0,0,0,0,0,6105,0,0,0,943,1,369,0,0,0,0,0,0,0,0,0,0,0,0,0,0,0,0,0,0,0,0,0,0,0,0,0,0,0,0,0,0,0,0,0,0,0,1790607530214,3145728,0,0,0,0,0,0,0,0,0,0,0,3,0,0,0,0,0,0,0,0,0,0,0,0,0,0,0,0,0,0,0,0,0,0,0,3,5,137736768,-1,0,0,0,0,0,0,0,0,0,0,0,0,0,0,0,0,0,0,0,0,0,0,0,0,0,0,0,0,0,5867,0,234,0,0,0,0,0,0,0,0,0,0,0,0,0,0,0,0,0
2026-09-28T20:34:53Z,161,0,0,0,0,0,13600836,1467,10454947,0,0,0,0,0,0,6756,0,0,0,0,0,0,0,565,12,0,-41,1,5,3397,0,0,0,0,0, ,0,0,0,0,0,0,6756,0,0,0,943,1,369,0,0,0,0,0,0,0,0,0,0,0,0,0,0,0,0,0,0,0,0,0,0,0,0,0,0,0,0,0,0,0,0,0,0,0,1790607530214,3145728,0,0,0,0,0,0,0,0,0,0,0,3,0,0,0,0,0,0,0,0,0,0,0,0,0,0,0,0,0,0,0,0,0,0,0,3,5,142836040,-1,0,0,0,0,0,0,0,0,0,0,0,0,0,0,0,0,0,0,0,0,0,0,0,0,0,0,0,0,0,6574,0,180,0,0,0,0,0,0,0,0,0,0,0,0,0,0,0,0,0
2026-09-28T20:35:53Z,161,0,0,0,0,0,13625820,1467,10479931,0,0,0,0,0,0,6820,0,0,0,0,0,0,0,566,12,0,-42,1,5,3418,0,0,0,0,0, ,0,0,0,0,0,0,6810,0,0,0,943,1,369,0,0,0,0,0,0,0,0,0,0,0,0,0,0,0,0,0,0,0,0,0,0,0,0,0,0,0,0,0,0,0,0,0,0,0,1790607530214,3145728,0,0,0,0,0,0,0,0,0,0,0,3,0,0,0,0,0,0,0,0,0,0,0,0,0,0,0,0,0,0,0,0,0,0,0,4,7,55454360,-1,0,0,0,0,0,0,0,0,0,0,0,0,1,0,50,0,2,0,100,0,0,0,0,0,0,0,0,0,0,6577,0,231,0,0,0,0,0,0,0,0,0,0,0,0,0,0,0,0,0
2026-09-28T20:36:53Z,161,0,0,0,0,0,13633988,1467,10488099,0,0,0,0,0,0,6969,0,0,0,0,0,0,0,566,12,0,-42,1,5,3737,0,0,0,0,0, ,0,0,0,0,0,0,6965,0,0,0,943,1,369,0,0,0,0,0,0,0,0,0,0,0,0,0,0,0,0,0,0,0,0,0,0,0,0,0,0,0,0,0,0,0,0,0,0,0,1790607530214,3145728,0,0,0,0,0,0,0,0,0,0,0,3,0,0,0,0,0,0,0,0,0,0,0,0,0,0,0,0,0,0,0,0,0,0,0,3,6,150671064,-1,0,0,0,0,0,0,0,0,0,0,0,0,0,0,50,0,2,0,100,0,0,0,0,0,0,0,0,0,0,6849,0,116,0,0,0,0,0,0,0,0,0,0,0,0,0,0,0,0,0
2026-09-28T20:37:53Z,161,0,0,0,0,0,13647196,1467,10501307,0,0,0,0,0,0,6614,0,0,0,0,0,0,0,566,12,0,-42,1,5,3542,0,0,0,0,0, ,0,0,0,0,0,0,6614,0,0,0,943,1,369,0,0,0,0,0,0,0,0,0,0,0,0,0,0,0,0,0,0,0,0,0,0,0,0,0,0,0,0,0,0,0,0,0,0,0,1790607530214,3145728,0,0,0,0,0,0,0,0,0,0,0,3,0,0,0,0,0,0,0,0,0,0,0,0,0,0,0,0,0,0,0,0,0,0,0,3,5,198815040,-1,0,0,0,0,0,0,0,0,0,0,0,0,0,0,0,0,0,0,0,0,0,0,0,0,0,0,0,0,0,6549,0,65,0,0,0,0,0,0,0,0,0,0,0,0,0,0,0,0,0
2026-09-28T20:38:53Z,161,0,0,0,0,0,13652884,1467,10506995,0,0,0,0,0,0,6492,0,0,0,0,0,0,0,567,12,0,-42,1,5,3452,0,0,0,0,0, ,0,0,0,0,0,0,6490,0,0,0,943,1,369,0,0,0,0,0,0,0,0,0,0,0,0,0,0,0,0,0,0,0,0,0,0,0,0,0,0,0,0,0,0,0,0,0,0,0,1790607530214,3145728,0,0,0,0,0,0,0,0,0,0,0,3,0,0,0,0,0,0,0,0,0,0,0,0,0,0,0,0,0,0,0,0,0,0,0,4,7,87082856,-1,0,0,0,0,0,0,0,0,0,0,1,0,0,0,50,0,2,0,100,0,0,0,0,0,0,0,0,0,0,6418,0,71,0,0,0,0,0,0,0,0,0,0,0,0,0,0,0,0,0
2026-09-28T20:39:53Z,161,0,0,0,0,0,13668476,1467,10522587,0,0,0,0,0,0,6025,0,0,0,0,0,0,0,567,12,0,-42,1,5,3038,0,0,0,0,0, ,0,0,0,0,0,0,6023,0,0,0,943,1,369,0,0,0,0,0,0,0,0,0,0,0,0,0,0,0,0,0,0,0,0,0,0,0,0,0,0,0,0,0,0,0,0,0,0,0,1790607530214,3145728,0,0,0,0,0,0,0,0,0,0,0,3,0,0,0,0,0,0,0,0,0,0,0,0,0,0,0,0,0,0,0,0,0,0,0,3,5,140444200,-1,0,0,0,0,0,0,0,0,0,0,0,0,0,0,0,0,0,0,0,0,0,0,0,0,0,0,0,0,0,5930,0,93,0,0,0,0,0,0,0,0,0,0,0,0,0,0,0,0,0
2026-09-28T20:40:53Z,161,0,0,0,0,0,13687988,1467,10542099,0,0,0,0,0,0,7265,0,0,0,0,0,0,0,567,12,0,-42,1,5,3743,0,0,0,0,0, ,0,0,0,0,0,0,7265,0,0,0,943,1,369,0,0,0,0,0,0,0,0,0,0,0,0,0,0,0,0,0,0,0,0,0,0,0,0,0,0,0,0,0,0,0,0,0,0,0,1790607530214,3145728,0,0,0,0,0,0,0,0,0,0,0,3,0,0,0,0,0,0,0,0,0,0,0,0,0,0,0,0,0,0,0,0,0,0,0,4,7,94385632,-1,0,0,0,0,0,0,0,0,0,0,0,0,0,0,0,0,0,0,0,0,0,0,0,0,0,0,0,0,0,7154,0,111,0,0,0,0,0,0,0,0,0,0,0,0,0,0,0,0,0
2026-09-28T20:41:53Z,161,0,0,0,0,0,13704252,1467,10558363,0,0,0,0,0,0,6457,0,0,0,0,0,0,0,567,12,0,-42,1,5,3256,0,0,0,0,0, ,0,0,0,0,0,0,6457,0,0,0,943,1,369,0,0,0,0,0,0,0,0,0,0,0,0,0,0,0,0,0,0,0,0,0,0,0,0,0,0,0,0,0,0,0,0,0,0,0,1790607530214,3145728,0,0,0,0,0,0,0,0,0,0,0,3,0,0,0,0,0,0,0,0,0,0,0,0,0,0,0,0,0,0,0,0,0,0,0,3,4,136408456,-1,0,0,0,0,0,0,0,0,0,0,0,0,0,0,0,0,0,0,0,0,0,0,0,0,0,0,0,0,0,6370,0,87,0,0,0,0,0,0,0,0,0,0,0,0,0,0,0,0,0
2026-09-28T20:42:53Z,161,0,0,0,0,0,13791460,1467,10645571,0,0,0,0,0,0,6920,0,0,0,0,0,0,0,572,12,0,-42,1,5,3238,0,0,0,0,0, ,0,0,0,0,0,0,6920,0,0,0,943,1,369,0,0,0,0,0,0,0,0,0,0,0,0,0,0,0,0,0,0,0,0,0,0,0,0,0,0,0,0,0,0,0,0,0,0,0,1790607530214,3145728,0,0,0,0,0,0,0,0,0,0,0,3,0,0,0,0,0,0,0,0,0,0,0,0,0,0,0,0,0,0,0,0,0,0,0,4,8,82855840,-1,0,0,0,0,0,0,0,0,0,0,0,0,0,0,0,0,0,0,0,0,0,0,0,0,0,0,0,0,0,6620,0,295,0,0,0,0,0,0,0,0,0,0,0,0,0,0,0,0,0
2026-09-28T20:43:53Z,161,0,0,0,0,0,13794924,1467,10649035,0,0,0,0,0,0,6743,0,0,0,0,0,0,0,574,12,0,-43,1,5,3503,0,0,0,0,0, ,0,0,0,0,0,0,6733,0,0,0,943,1,369,0,0,0,0,0,0,0,0,0,0,0,0,0,0,0,0,0,0,0,0,0,0,0,0,0,0,0,0,0,0,0,0,0,0,0,1790607530214,3145728,0,0,0,0,0,0,0,0,0,0,0,3,0,0,0,0,0,0,0,0,0,0,0,0,0,0,0,0,0,0,0,0,0,0,0,3,5,141780368,-1,0,0,0,0,0,0,0,0,0,0,0,0,1,0,50,0,2,0,100,0,0,0,0,0,0,0,0,0,0,6609,0,121,0,0,0,0,0,0,0,0,0,0,0,0,0,0,0,0,0
2026-09-28T20:44:53Z,161,0,0,0,0,0,13825292,1467,10679403,0,0,0,0,0,0,6874,0,0,0,0,0,0,0,576,12,0,-43,1,5,3407,0,0,0,0,0, ,0,0,0,0,0,0,6874,0,0,0,943,1,369,0,0,0,0,0,0,0,0,0,0,0,0,0,0,0,0,0,0,0,0,0,0,0,0,0,0,0,0,0,0,0,0,0,0,0,1790607530214,3145728,0,0,0,0,0,0,0,0,0,0,0,3,0,0,0,0,0,0,0,0,0,0,0,0,0,0,0,0,0,0,0,0,0,0,0,3,6,153869216,-1,0,0,0,0,0,0,0,0,0,0,0,0,0,0,0,0,0,0,0,0,0,0,0,0,0,0,0,0,0,6744,0,128,0,0,0,0,0,0,0,0,0,0,0,0,0,0,0,0,0
2026-09-28T20:45:53Z,161,0,0,0,0,0,13832716,1467,10686827,0,0,0,0,0,0,5762,0,0,0,0,0,0,0,578,12,0,-43,1,5,2960,0,0,0,0,0, ,0,0,0,0,0,0,5758,0,0,0,943,1,369,0,0,0,0,0,0,0,0,0,0,0,0,0,0,0,0,0,0,0,0,0,0,0,0,0,0,0,0,0,0,0,0,0,0,0,1790607530214,3145728,0,0,0,0,0,0,0,0,0,0,0,3,0,0,0,0,0,0,0,0,0,0,0,0,0,0,0,0,0,0,0,0,0,0,0,3,5,163683368,-1,0,0,0,0,0,0,0,0,0,0,0,0,0,0,50,0,2,0,100,0,0,0,0,0,0,0,0,0,0,5644,0,112,0,0,0,0,0,0,0,0,0,0,0,0,0,0,0,0,0
2026-09-28T20:46:53Z,161,0,0,0,0,0,13881308,1467,10735419,0,0,0,0,0,0,6183,0,0,0,0,0,0,0,581,12,0,-43,1,5,2966,0,0,0,0,0, ,0,0,0,0,0,0,6183,0,0,0,943,1,369,0,0,0,0,0,0,0,0,0,0,0,0,0,0,0,0,0,0,0,0,0,0,0,0,0,0,0,0,0,0,0,0,0,0,0,1790607530214,3145728,0,0,0,0,0,0,0,0,0,0,0,3,0,0,0,0,0,0,0,0,0,0,0,0,0,0,0,0,0,0,0,0,0,0,0,3,6,144261208,-1,0,0,0,0,0,0,0,0,0,0,0,0,0,0,0,0,0,0,0,0,0,0,0,0,0,0,0,0,0,5985,0,195,0,0,0,0,0,0,0,0,0,0,0,0,0,0,0,0,0
2026-09-28T20:47:53Z,161,0,0,0,0,0,13938220,1467,10792331,0,0,0,0,0,0,6576,0,0,0,0,0,0,0,583,12,0,-44,1,5,3055,0,0,0,0,0, ,0,0,0,0,0,0,6566,0,0,0,943,1,369,0,0,0,0,0,0,0,0,0,0,0,0,0,0,0,0,0,0,0,0,0,0,0,0,0,0,0,0,0,0,0,0,0,0,0,1790607530214,3145728,0,0,0,0,0,0,0,0,0,0,0,3,0,0,0,0,0,0,0,0,0,0,0,0,0,0,0,0,0,0,0,0,0,0,0,3,5,131310120,-1,0,0,0,0,0,0,0,0,0,0,0,0,1,0,50,0,2,0,100,0,0,0,0,0,0,0,0,0,0,6177,0,386,0,0,0,0,0,0,0,0,0,0,0,0,0,0,0,0,0
2026-09-28T20:48:53Z,161,0,0,0,0,0,14020212,1467,10874323,0,0,0,0,0,0,6829,0,0,0,0,0,0,0,588,12,0,-44,1,5,3089,0,0,0,0,0, ,0,0,0,0,0,0,6825,0,0,0,943,1,369,0,0,0,0,0,0,0,0,0,0,0,0,0,0,0,0,0,0,0,0,0,0,0,0,0,0,0,0,0,0,0,0,0,0,0,1790607530214,3145728,0,0,0,0,0,0,0,0,0,0,0,3,0,0,0,0,0,0,0,0,0,0,0,0,0,0,0,0,0,0,0,0,0,0,0,4,8,60810032,-1,0,0,0,0,0,0,0,0,0,0,0,0,0,0,50,0,2,0,100,0,0,0,0,0,0,0,0,0,0,6401,0,419,0,0,0,0,0,0,0,0,0,0,0,0,0,0,0,0,0
2026-09-28T20:49:53Z,161,0,0,0,0,0,14038076,1467,10892187,0,0,0,0,0,0,6248,0,0,0,0,0,0,0,591,12,0,-44,1,5,3253,0,0,0,0,0, ,0,0,0,0,0,0,6244,0,0,0,943,1,369,0,0,0,0,0,0,0,0,0,0,0,0,0,0,0,0,0,0,0,0,0,0,0,0,0,0,0,0,0,0,0,0,0,0,0,1790607530214,3145728,0,0,0,0,0,0,0,0,0,0,0,3,0,0,0,0,0,0,0,0,0,0,0,0,0,0,0,0,0,0,0,0,0,0,0,3,6,108165232,-1,0,0,0,0,0,0,0,0,0,0,0,0,0,0,50,0,2,0,100,0,0,0,0,0,0,0,0,0,0,6122,0,119,0,0,0,0,0,0,0,0,0,0,0,0,0,0,0,0,0
2026-09-28T20:50:53Z,161,0,0,0,0,0,14052812,1467,10906923,0,0,0,0,0,0,5299,0,0,0,0,0,0,0,593,12,0,-44,1,5,2637,0,0,0,0,0, ,0,0,0,0,0,0,5299,0,0,0,943,1,369,0,0,0,0,0,0,0,0,0,0,0,0,0,0,0,0,0,0,0,0,0,0,0,0,0,0,0,0,0,0,0,0,0,0,0,1790607530214,3145728,0,0,0,0,0,0,0,0,0,0,0,3,0,0,0,0,0,0,0,0,0,0,0,0,0,0,0,0,0,0,0,0,0,0,0,2,4,191956536,-1,0,0,0,0,0,0,0,0,0,0,0,0,0,0,0,0,0,0,0,0,0,0,0,0,0,0,0,0,0,5246,0,51,0,0,0,0,0,0,0,0,0,0,0,0,0,0,0,0,0
2026-09-28T20:51:53Z,161,0,0,0,0,0,14078068,1467,10932179,0,0,0,0,0,0,5953,0,0,0,0,0,0,0,595,12,0,-45,1,5,2977,0,0,0,0,0, ,0,0,0,0,0,0,5943,0,0,0,943,1,369,0,0,0,0,0,0,0,0,0,0,0,0,0,0,0,0,0,0,0,0,0,0,0,0,0,0,0,0,0,0,0,0,0,0,0,1790607530214,3145728,0,0,0,0,0,0,0,0,0,0,0,3,0,0,0,0,0,0,0,0,0,0,0,0,0,0,0,0,0,0,0,0,0,0,0,3,6,154212264,-1,0,0,0,0,0,0,0,0,0,0,0,0,1,0,50,0,2,0,100,0,0,0,0,0,0,0,0,0,0,5756,0,184,0,0,0,0,0,0,0,0,0,0,0,0,0,0,0,0,0
2026-09-28T20:52:54Z,161,0,0,0,0,0,14078780,1467,10932891,0,0,0,0,0,0,5440,0,0,0,0,0,0,0,595,12,0,-45,1,5,2663,0,0,0,0,0, ,0,0,0,0,0,0,5436,0,0,0,943,1,369,0,0,0,0,0,0,0,0,0,0,0,0,0,0,0,0,0,0,0,0,0,0,0,0,0,0,0,0,0,0,0,0,0,0,0,1790607530214,3145728,0,0,0,0,0,0,0,0,0,0,0,3,0,0,0,0,0,0,0,0,0,0,0,0,0,0,0,0,0,0,0,0,0,0,0,3,6,164920272,-1,0,0,0,0,0,0,0,0,0,0,0,0,0,0,50,0,2,0,100,0,0,0,0,0,0,0,0,0,0,5336,0,100,0,0,0,0,0,0,0,0,0,0,0,0,0,0,0,0,0
2026-09-28T20:53:54Z,161,0,0,0,0,0,14110868,1467,10964979,0,0,0,0,0,0,6247,0,0,0,0,0,0,0,597,12,0,-45,1,5,3070,0,0,0,0,0, ,0,0,0,0,0,0,6247,0,0,0,943,1,369,0,0,0,0,0,0,0,0,0,0,0,0,0,0,0,0,0,0,0,0,0,0,0,0,0,0,0,0,0,0,0,0,0,0,0,1790607530214,3145728,0,0,0,0,0,0,0,0,0,0,0,3,0,0,0,0,0,0,0,0,0,0,0,0,0,0,0,0,0,0,0,0,0,0,0,3,6,159914896,-1,0,0,0,0,0,0,0,0,0,0,0,0,0,0,0,0,0,0,0,0,0,0,0,0,0,0,0,0,0,6045,0,200,0,0,0,0,0,0,0,0,0,0,0,0,0,0,0,0,0
2026-09-28T20:54:54Z,161,0,0,0,0,0,14131076,1467,10985187,0,0,0,0,0,0,5771,0,0,0,0,0,0,0,598,12,0,-45,1,5,2866,0,0,0,0,0, ,0,0,0,0,0,0,5771,0,0,0,943,1,369,0,0,0,0,0,0,0,0,0,0,0,0,0,0,0,0,0,0,0,0,0,0,0,0,0,0,0,0,0,0,0,0,0,0,0,1790607530214,3145728,0,0,0,0,0,0,0,0,0,0,0,3,0,0,0,0,0,0,0,0,0,0,0,0,0,0,0,0,0,0,0,0,0,0,0,3,5,164188720,-1,0,0,0,0,0,0,0,0,0,0,0,0,0,0,0,0,0,0,0,0,0,0,0,0,0,0,0,0,0,5693,0,77,0,0,0,0,0,0,0,0,0,0,0,0,0,0,0,0,0
2026-09-28T20:55:54Z,161,0,0,0,0,0,14143484,1467,10997595,0,0,0,0,0,0,6312,0,0,0,0,0,0,0,599,12,0,-45,1,5,3141,0,0,0,0,0, ,0,0,0,0,0,0,6312,0,0,0,943,1,369,0,0,0,0,0,0,0,0,0,0,0,0,0,0,0,0,0,0,0,0,0,0,0,0,0,0,0,0,0,0,0,0,0,0,0,1790607530214,3145728,0,0,0,0,0,0,0,0,0,0,0,3,0,0,0,0,0,0,0,0,0,0,0,0,0,0,0,0,0,0,0,0,0,0,0,3,6,161475840,-1,0,0,0,0,0,0,0,0,0,0,0,0,0,0,0,0,0,0,0,0,0,0,0,0,0,0,0,0,0,6225,0,86,0,0,0,0,0,0,0,0,0,0,0,0,0,0,0,0,0
2026-09-28T20:56:54Z,161,0,0,0,0,0,14167908,1467,11022019,0,0,0,0,0,0,6430,0,0,0,0,0,0,0,600,12,0,-45,1,5,3322,0,0,0,0,0, ,0,0,0,0,0,0,6426,0,0,0,943,1,369,0,0,0,0,0,0,0,0,0,0,0,0,0,0,0,0,0,0,0,0,0,0,0,0,0,0,0,0,0,0,0,0,0,0,0,1790607530214,3145728,0,0,0,0,0,0,0,0,0,0,0,3,0,0,0,0,0,0,0,0,0,0,0,0,0,0,0,0,0,0,0,0,0,0,0,4,7,93460976,-1,0,0,0,0,0,0,0,0,0,0,0,0,0,0,50,0,2,0,100,0,0,0,0,0,0,0,0,0,0,6267,0,158,0,0,0,0,0,0,0,0,0,0,0,0,0,0,0,0,0
2026-09-28T20:57:54Z,161,0,0,0,0,0,14200988,1467,11055099,0,0,0,0,0,0,6364,0,0,0,0,0,0,0,600,12,0,-45,1,5,3106,0,0,0,0,0, ,0,0,0,0,0,0,6364,0,0,0,943,1,369,0,0,0,0,0,0,0,0,0,0,0,0,0,0,0,0,0,0,0,0,0,0,0,0,0,0,0,0,0,0,0,0,0,0,0,1790607530214,3145728,0,0,0,0,0,0,0,0,0,0,0,3,0,0,0,0,0,0,0,0,0,0,0,0,0,0,0,0,0,0,0,0,0,0,0,3,5,151260248,-1,0,0,0,0,0,0,0,0,0,0,0,0,0,0,0,0,0,0,0,0,0,0,0,0,0,0,0,0,0,6180,0,184,0,0,0,0,0,0,0,0,0,0,0,0,0,0,0,0,0
2026-09-28T20:58:54Z,161,0,0,0,0,0,14253452,1467,11107563,0,0,0,0,0,0,7187,0,0,0,0,0,0,0,602,13,0,-46,1,5,3418,0,0,0,0,0, ,0,0,0,0,0,0,7177,0,0,0,943,1,369,0,0,0,0,0,0,0,0,0,0,0,0,0,0,0,0,0,0,0,0,0,0,0,0,0,0,0,0,0,0,0,0,0,0,0,1790607530214,3145728,0,0,0,0,0,0,0,0,0,0,0,3,0,0,0,0,0,0,0,0,0,0,0,0,0,0,0,0,0,0,0,0,0,0,0,4,8,107340888,-1,0,0,0,0,0,0,0,0,0,0,0,0,1,0,50,0,2,0,100,0,0,0,0,0,0,0,0,0,0,6843,0,331,0,0,0,0,0,0,0,0,0,0,0,0,0,0,0,0,0
2026-09-28T20:59:54Z,161,0,0,0,0,0,14278964,1467,11133075,0,0,0,0,0,0,6216,0,0,0,0,0,0,0,604,13,0,-46,1,5,3049,0,0,0,0,0, ,0,0,0,0,0,0,6216,0,0,0,943,1,369,0,0,0,0,0,0,0,0,0,0,0,0,0,0,0,0,0,0,0,0,0,0,0,0,0,0,0,0,0,0,0,0,0,0,0,1790607530214,3145728,0,0,0,0,0,0,0,0,0,0,0,3,0,0,0,0,0,0,0,0,0,0,0,0,0,0,0,0,0,0,0,0,0,0,0,3,5,136802320,-1,0,0,0,0,0,0,0,0,0,0,0,0,0,0,0,0,0,0,0,0,0,0,0,0,0,0,0,0,0,6108,0,106,0,0,0,0,0,0,0,0,0,0,0,0,0,0,0,0,0
2026-09-28T21:00:54Z,161,0,0,0,0,0,14300820,1467,11154931,0,0,0,0,0,0,5872,0,0,0,0,0,0,0,605,13,0,-46,1,5,2751,0,0,0,0,0, ,0,0,0,0,0,0,5868,0,0,0,943,1,369,0,0,0,0,0,0,0,0,0,0,0,0,0,0,0,0,0,0,0,0,0,0,0,0,0,0,0,0,0,0,0,0,0,0,0,1790607530214,3145728,0,0,0,0,0,0,0,0,0,0,0,3,0,0,0,0,0,0,0,0,0,0,0,0,0,0,0,0,0,0,0,0,0,0,0,3,6,102717816,-1,0,0,0,0,0,0,0,0,0,0,0,0,0,0,50,0,2,0,100,0,0,0,0,0,0,0,0,0,0,5685,0,182,0,0,0,0,0,0,0,0,0,0,0,0,0,0,0,0,0
2026-09-28T21:01:54Z,161,0,0,0,0,0,14292132,1467,11146243,0,0,0,0,0,0,5912,0,0,0,0,0,0,0,604,13,0,-47,1,5,2998,0,0,0,0,0, ,0,0,0,0,0,0,5902,0,0,0,943,1,369,0,0,0,0,0,0,0,0,0,0,0,0,0,0,0,0,0,0,0,0,0,0,0,0,0,0,0,0,0,0,0,0,0,0,0,1790607530214,3145728,0,0,0,0,0,0,0,0,0,0,0,3,0,0,0,0,0,0,0,0,0,0,0,0,0,0,0,0,0,0,0,0,0,0,0,3,5,59575528,-1,0,0,0,0,0,0,0,0,0,0,0,0,1,0,50,0,2,0,100,0,0,0,0,0,0,0,0,0,0,5855,0,47,0,0,0,0,0,0,0,0,0,0,0,0,0,0,0,0,0
2026-09-28T21:02:54Z,161,0,0,0,0,0,14298748,1467,11152859,0,0,0,0,0,0,5676,0,0,0,0,0,0,0,604,13,0,-47,1,5,2678,0,0,0,0,0, ,0,0,0,0,0,0,5676,0,0,0,943,1,369,0,0,0,0,0,0,0,0,0,0,0,0,0,0,0,0,0,0,0,0,0,0,0,0,0,0,0,0,0,0,0,0,0,0,0,1790607530214,3145728,0,0,0,0,0,0,0,0,0,0,0,3,0,0,0,0,0,0,0,0,0,0,0,0,0,0,0,0,0,0,0,0,0,0,0,2,4,97134672,-1,0,0,0,0,0,0,0,0,0,0,0,0,0,0,0,0,0,0,0,0,0,0,0,0,0,0,0,0,0,5638,0,38,0,0,0,0,0,0,0,0,0,0,0,0,0,0,0,0,0
2026-09-28T21:03:54Z,161,0,0,0,0,0,14316068,1467,11170179,0,0,0,0,0,0,6002,0,0,0,0,0,0,0,605,13,0,-47,1,5,2843,0,0,0,0,0, ,0,0,0,0,0,0,6002,0,0,0,943,1,369,0,0,0,0,0,0,0,0,0,0,0,0,0,0,0,0,0,0,0,0,0,0,0,0,0,0,0,0,0,0,0,0,0,0,0,1790607530214,3145728,0,0,0,0,0,0,0,0,0,0,0,3,0,0,0,0,0,0,0,0,0,0,0,0,0,0,0,0,0,0,0,0,0,0,0,2,4,178161440,-1,0,0,0,0,0,0,0,0,0,0,0,0,0,0,0,0,0,0,0,0,0,0,0,0,0,0,0,0,0,5952,0,49,0,0,0,0,0,0,0,0,0,0,0,0,0,0,0,0,0
2026-09-28T21:04:54Z,161,0,0,0,0,0,14321900,1467,11176011,0,0,0,0,0,0,6458,0,0,0,0,0,0,0,607,13,0,-47,1,5,3199,0,0,0,0,0, ,0,0,0,0,0,0,6454,0,0,0,943,1,369,0,0,0,0,0,0,0,0,0,0,0,0,0,0,0,0,0,0,0,0,0,0,0,0,0,0,0,0,0,0,0,0,0,0,0,1790607530214,3145728,0,0,0,0,0,0,0,0,0,0,0,3,0,0,0,0,0,0,0,0,0,0,0,0,0,0,0,0,0,0,0,0,0,0,0,3,6,202176904,-1,0,0,0,0,0,0,0,0,0,0,0,0,0,0,50,0,2,0,100,0,0,0,0,0,0,0,0,0,0,6345,0,107,0,0,0,0,0,0,0,0,0,0,0,0,0,0,0,0,0
2026-09-28T21:05:54Z,161,0,0,0,0,0,14349988,1467,11204099,0,0,0,0,0,0,6344,0,0,0,0,0,0,0,610,13,0,-47,1,5,3071,0,0,0,0,0, ,0,0,0,0,0,0,6344,0,0,0,943,1,369,0,0,0,0,0,0,0,0,0,0,0,0,0,0,0,0,0,0,0,0,0,0,0,0,0,0,0,0,0,0,0,0,0,0,0,1790607530214,3145728,0,0,0,0,0,0,0,0,0,0,0,3,0,0,0,0,0,0,0,0,0,0,0,0,0,0,0,0,0,0,0,0,0,0,0,3,6,185341144,-1,0,0,0,0,0,0,0,0,0,0,0,0,0,0,0,0,0,0,0,0,0,0,0,0,0,0,0,0,0,6246,0,95,0,0,0,0,0,0,0,0,0,0,0,0,0,0,0,0,0
2026-09-28T21:06:54Z,161,0,0,0,0,0,14365372,1467,11219483,0,0,0,0,0,0,5988,0,0,0,0,0,0,0,611,13,0,-47,1,5,3059,0,0,0,0,0, ,0,0,0,0,0,0,5988,0,0,0,943,1,369,0,0,0,0,0,0,0,0,0,0,0,0,0,0,0,0,0,0,0,0,0,0,0,0,0,0,0,0,0,0,0,0,0,0,0,1790607530214,3145728,0,0,0,0,0,0,0,0,0,0,0,3,0,0,0,0,0,0,0,0,0,0,0,0,0,0,0,0,0,0,0,0,0,0,0,3,5,175076448,-1,0,0,0,0,0,0,0,0,0,0,0,0,0,0,0,0,0,0,0,0,0,0,0,0,0,0,0,0,0,5917,0,70,0,0,0,0,0,0,0,0,0,0,0,0,0,0,0,0,0
2026-09-28T21:07:54Z,161,0,0,0,0,0,14384348,1467,11238459,0,0,0,0,0,0,6665,0,0,0,0,0,0,0,611,13,0,-47,1,5,3266,0,0,0,0,0, ,0,0,0,0,0,0,6665,0,0,0,943,1,369,0,0,0,0,0,0,0,0,0,0,0,0,0,0,0,0,0,0,0,0,0,0,0,0,0,0,0,0,0,0,0,0,0,0,0,1790607530214,3145728,0,0,0,0,0,0,0,0,0,0,0,3,0,0,0,0,0,0,0,0,0,0,0,0,0,0,0,0,0,0,0,0,0,0,0,4,7,78860536,-1,0,0,0,0,0,0,0,0,0,0,0,0,0,0,0,0,0,0,0,0,0,0,0,0,0,0,0,0,0,6560,0,105,0,0,0,0,0,0,0,0,0,0,0,0,0,0,0,0,0
2026-09-28T21:08:54Z,161,0,0,0,0,0,14384324,1467,11238435,0,0,0,0,0,0,6171,0,0,0,0,0,0,0,611,13,0,-47,1,5,3249,0,0,0,0,0, ,0,0,0,0,0,0,6167,0,0,0,943,1,369,0,0,0,0,0,0,0,0,0,0,0,0,0,0,0,0,0,0,0,0,0,0,0,0,0,0,0,0,0,0,0,0,0,0,0,1790607530214,3145728,0,0,0,0,0,0,0,0,0,0,0,3,0,0,0,0,0,0,0,0,0,0,0,0,0,0,0,0,0,0,0,0,0,0,0,3,5,95571704,-1,0,0,0,0,0,0,0,0,0,0,0,0,0,0,50,0,2,0,100,0,0,0,0,0,0,0,0,0,0,6096,0,71,0,0,0,0,0,0,0,0,0,0,0,0,0,0,0,0,0
2026-09-28T21:09:54Z,161,0,0,0,0,0,14399700,1467,11253811,0,0,0,0,0,0,6662,0,0,0,0,0,0,0,611,13,0,-47,1,5,3330,0,0,0,0,0, ,0,0,0,0,0,0,6662,0,0,0,943,1,369,0,0,0,0,0,0,0,0,0,0,0,0,0,0,0,0,0,0,0,0,0,0,0,0,0,0,0,0,0,0,0,0,0,0,0,1790607530214,3145728,0,0,0,0,0,0,0,0,0,0,0,3,0,0,0,0,0,0,0,0,0,0,0,0,0,0,0,0,0,0,0,0,0,0,0,3,6,140694112,-1,0,0,0,0,0,0,0,0,0,0,0,0,0,0,0,0,0,0,0,0,0,0,0,0,0,0,0,0,0,6600,0,62,0,0,0,0,0,0,0,0,0,0,0,0,0,0,0,0,0
2026-09-28T21:10:54Z,161,0,0,0,0,0,14415652,1467,11269763,0,0,0,0,0,0,6826,0,0,0,0,0,0,0,612,13,0,-48,1,5,3425,0,0,0,0,0, ,0,0,0,0,0,0,6816,0,0,0,943,1,369,0,0,0,0,0,0,0,0,0,0,0,0,0,0,0,0,0,0,0,0,0,0,0,0,0,0,0,0,0,0,0,0,0,0,0,1790607530214,3145728,0,0,0,0,0,0,0,0,0,0,0,3,0,0,0,0,0,0,0,0,0,0,0,0,0,0,0,0,0,0,0,0,0,0,0,3,5,153718800,-1,0,0,0,0,0,0,0,0,0,0,0,0,1,0,50,0,2,0,100,0,0,0,0,0,0,0,0,0,0,6658,0,156,0,0,0,0,0,0,0,0,0,0,0,0,0,0,0,0,0
2026-09-28T21:11:54Z,161,0,0,0,0,0,14439612,1467,11293723,0,0,0,0,0,0,6375,0,0,0,0,0,0,0,613,13,0,-48,1,5,3102,0,0,0,0,0, ,0,0,0,0,0,0,6375,0,0,0,943,1,369,0,0,0,0,0,0,0,0,0,0,0,0,0,0,0,0,0,0,0,0,0,0,0,0,0,0,0,0,0,0,0,0,0,0,0,1790607530214,3145728,0,0,0,0,0,0,0,0,0,0,0,3,0,0,0,0,0,0,0,0,0,0,0,0,0,0,0,0,0,0,0,0,0,0,0,3,5,162856616,-1,0,0,0,0,0,0,0,0,0,0,0,0,0,0,0,0,0,0,0,0,0,0,0,0,0,0,0,0,0,6269,0,105,0,0,0,0,0,0,0,0,0,0,0,0,0,0,0,0,0
2026-09-28T21:12:54Z,161,0,0,0,0,0,14451620,1467,11305731,0,0,0,0,0,0,6540,0,0,0,0,0,0,0,615,13,0,-48,1,5,3264,0,0,0,0,0, ,0,0,0,0,0,0,6536,0,0,0,943,1,369,0,0,0,0,0,0,0,0,0,0,0,0,0,0,0,0,0,0,0,0,0,0,0,0,0,0,0,0,0,0,0,0,0,0,0,1790607530214,3145728,0,0,0,0,0,0,0,0,0,0,0,3,0,0,0,0,0,0,0,0,0,0,0,0,0,0,0,0,0,0,0,0,0,0,0,3,6,199412416,-1,0,0,0,0,0,0,0,0,0,0,0,0,0,0,50,0,2,0,100,0,0,0,0,0,0,0,0,0,0,6422,0,112,0,0,0,0,0,0,0,0,0,0,0,0,0,0,0,0,0
2026-09-28T21:13:54Z,161,0,0,0,0,0,14472708,1467,11326819,0,0,0,0,0,0,6821,0,0,0,0,0,0,0,616,13,0,-48,1,5,3464,0,0,0,0,0, ,0,0,0,0,0,0,6821,0,0,0,943,1,369,0,0,0,0,0,0,0,0,0,0,0,0,0,0,0,0,0,0,0,0,0,0,0,0,0,0,0,0,0,0,0,0,0,0,0,1790607530214,3145728,0,0,0,0,0,0,0,0,0,0,0,3,0,0,0,0,0,0,0,0,0,0,0,0,0,0,0,0,0,0,0,0,0,0,0,4,7,140326840,-1,0,0,0,0,0,0,0,0,0,0,0,0,0,0,0,0,0,0,0,0,0,0,0,0,0,0,0,0,0,6710,0,110,0,0,0,0,0,0,0,0,0,0,0,0,0,0,0,0,0
2026-09-28T21:14:54Z,161,0,0,0,0,0,14457044,1467,11311155,0,0,0,0,0,0,7312,0,0,0,0,0,0,0,616,13,0,-49,1,5,4048,0,0,0,0,0, ,0,0,0,0,0,0,7298,0,0,0,943,1,369,0,0,0,0,0,0,0,0,0,0,0,0,0,0,0,0,0,0,0,0,0,0,0,0,0,0,0,0,0,0,0,0,0,0,0,1790607530214,3145728,0,0,0,0,0,0,0,0,0,0,0,3,0,0,0,0,0,0,0,0,0,0,0,0,0,0,0,0,0,0,0,0,0,0,0,4,7,138190128,-1,0,0,0,0,0,0,0,0,0,0,0,0,1,0,100,0,4,0,200,0,0,0,0,0,0,0,0,0,0,7192,0,105,0,0,0,0,0,0,0,0,0,0,0,0,0,0,0,0,0
2026-09-28T21:15:54Z,161,0,0,0,0,0,14471412,1467,11325523,0,0,0,0,0,0,7363,0,0,0,0,0,0,0,616,13,0,-49,1,5,3760,0,0,0,0,0, ,0,0,0,0,0,0,7363,0,0,0,943,1,369,0,0,0,0,0,0,0,0,0,0,0,0,0,0,0,0,0,0,0,0,0,0,0,0,0,0,0,0,0,0,0,0,0,0,0,1790607530214,3145728,0,0,0,0,0,0,0,0,0,0,0,3,0,0,0,0,0,0,0,0,0,0,0,0,0,0,0,0,0,0,0,0,0,0,0,4,8,97555688,-1,0,0,0,0,0,0,0,0,0,0,0,0,0,0,0,0,0,0,0,0,0,0,0,0,0,0,0,0,0,7272,0,91,0,0,0,0,0,0,0,0,0,0,0,0,0,0,0,0,0
2026-09-28T21:16:54Z,161,0,0,0,0,0,14483068,1467,11337179,0,0,0,0,0,0,6742,0,0,0,0,0,0,0,618,13,0,-49,1,5,3559,0,0,0,0,0, ,0,0,0,0,0,0,6738,0,0,0,943,1,369,0,0,0,0,0,0,0,0,0,0,0,0,0,0,0,0,0,0,0,0,0,0,0,0,0,0,0,0,0,0,0,0,0,0,0,1790607530214,3145728,0,0,0,0,0,0,0,0,0,0,0,3,0,0,0,0,0,0,0,0,0,0,0,0,0,0,0,0,0,0,0,0,0,0,0,3,6,194734376,-1,0,0,0,0,0,0,0,0,0,0,0,0,0,0,50,0,2,0,100,0,0,0,0,0,0,0,0,0,0,6659,0,77,0,0,0,0,0,0,0,0,0,0,0,0,0,0,0,0,0
2026-09-28T21:17:54Z,161,0,0,0,0,0,14478492,1467,11332603,0,0,0,0,0,0,7254,0,0,0,0,0,0,0,617,13,0,-50,1,5,3827,0,0,0,0,0, ,0,0,0,0,0,0,7244,0,0,0,943,1,369,0,0,0,0,0,0,0,0,0,0,0,0,0,0,0,0,0,0,0,0,0,0,0,0,0,0,0,0,0,0,0,0,0,0,0,1790607530214,3145728,0,0,0,0,0,0,0,0,0,0,0,3,0,0,0,0,0,0,0,0,0,0,0,0,0,0,0,0,0,0,0,0,0,0,0,4,8,133321944,-1,0,0,0,0,0,0,0,0,0,0,0,0,1,0,50,0,2,0,100,0,0,0,0,0,0,0,0,0,0,7176,0,68,0,0,0,0,0,0,0,0,0,0,0,0,0,0,0,0,0
2026-09-28T21:18:54Z,161,0,0,0,0,0,14489948,1467,11344059,0,0,0,0,0,0,6992,0,0,0,0,0,0,0,618,13,0,-50,1,5,3526,0,0,0,0,0, ,0,0,0,0,0,0,6992,0,0,0,943,1,369,0,0,0,0,0,0,0,0,0,0,0,0,0,0,0,0,0,0,0,0,0,0,0,0,0,0,0,0,0,0,0,0,0,0,0,1790607530214,3145728,0,0,0,0,0,0,0,0,0,0,0,3,0,0,0,0,0,0,0,0,0,0,0,0,0,0,0,0,0,0,0,0,0,0,0,4,8,66771440,-1,0,0,0,0,0,0,0,0,0,0,0,0,0,0,0,0,0,0,0,0,0,0,0,0,0,0,0,0,0,6907,0,84,0,0,0,0,0,0,0,0,0,0,0,0,0,0,0,0,0
2026-09-28T21:19:54Z,161,0,0,0,0,0,14513356,1467,11367467,0,0,0,0,0,0,7271,0,0,0,0,0,0,0,619,13,0,-50,1,5,3721,0,0,0,0,0, ,0,0,0,0,0,0,7271,0,0,0,943,1,369,0,0,0,0,0,0,0,0,0,0,0,0,0,0,0,0,0,0,0,0,0,0,0,0,0,0,0,0,0,0,0,0,0,0,0,1790607530214,3145728,0,0,0,0,0,0,0,0,0,0,0,3,0,0,0,0,0,0,0,0,0,0,0,0,0,0,0,0,0,0,0,0,0,0,0,3,4,169875664,-1,0,0,0,0,0,0,0,0,0,0,0,0,0,0,0,0,0,0,0,0,0,0,0,0,0,0,0,0,0,7185,0,85,0,0,0,0,0,0,0,0,0,0,0,0,0,0,0,0,0
2026-09-28T21:20:54Z,161,0,0,0,0,0,14527324,1467,11381435,0,0,0,0,0,0,6998,0,0,0,0,0,0,0,619,13,0,-50,1,5,3629,0,0,0,0,0, ,0,0,0,0,0,0,6998,0,0,0,943,1,369,0,0,0,0,0,0,0,0,0,0,0,0,0,0,0,0,0,0,0,0,0,0,0,0,0,0,0,0,0,0,0,0,0,0,0,1790607530214,3145728,0,0,0,0,0,0,0,0,0,0,0,3,0,0,0,0,0,0,0,0,0,0,0,0,0,0,0,0,0,0,0,0,0,0,0,4,7,103943896,-1,0,0,0,0,0,0,0,0,0,0,0,0,0,0,0,0,0,0,0,0,0,0,0,0,0,0,0,0,0,6915,0,83,0,0,0,0,0,0,0,0,0,0,0,0,0,0,0,0,0
2026-09-28T21:21:54Z,161,0,0,0,0,0,14529860,1467,11383971,0,0,0,0,0,0,7060,0,0,0,0,0,0,0,619,13,0,-50,1,5,3711,0,0,0,0,0, ,0,0,0,0,0,0,7056,0,0,0,943,1,369,0,0,0,0,0,0,0,0,0,0,0,0,0,0,0,0,0,0,0,0,0,0,0,0,0,0,0,0,0,0,0,0,0,0,0,1790607530214,3145728,0,0,0,0,0,0,0,0,0,0,0,3,0,0,0,0,0,0,0,0,0,0,0,0,0,0,0,0,0,0,0,0,0,0,0,4,7,56942344,-1,0,0,0,0,0,0,0,0,0,0,0,0,0,0,50,0,2,0,100,0,0,0,0,0,0,0,0,0,0,6979,0,77,0,0,0,0,0,0,0,0,0,0,0,0,0,0,0,0,0
2026-09-28T21:22:54Z,161,0,0,0,0,0,14550716,1467,11404827,0,0,0,0,0,0,6708,0,0,0,0,0,0,0,622,13,0,-50,1,5,3609,0,0,0,0,0, ,0,0,0,0,0,0,6702,0,0,0,943,1,369,0,0,0,0,0,0,0,0,0,0,0,0,0,0,0,0,0,0,0,0,0,0,0,0,0,0,0,0,0,0,0,0,0,0,0,1790607530214,3145728,0,0,0,0,0,0,0,0,0,0,0,3,0,0,0,0,0,0,0,0,0,0,0,0,0,0,0,0,0,0,0,0,0,0,0,3,6,142785248,-1,0,0,0,0,0,0,0,0,0,0,2,0,0,0,50,0,2,0,100,0,0,0,0,0,0,0,0,0,0,6594,0,105,0,0,0,0,0,0,0,0,0,0,0,0,0,0,0,0,0
2026-09-28T21:23:54Z,161,0,0,0,0,0,14560348,1467,11414459,0,0,0,0,0,0,6689,0,0,0,0,0,0,0,622,13,0,-51,1,5,3543,0,0,0,0,0, ,0,0,0,0,0,0,6685,0,0,0,943,1,369,0,0,0,0,0,0,0,0,0,0,0,0,0,0,0,0,0,0,0,0,0,0,0,0,0,0,0,0,0,0,0,0,0,0,0,1790607530214,3145728,0,0,0,0,0,0,0,0,0,0,0,3,0,0,0,0,0,0,0,0,0,0,0,0,0,0,0,0,0,0,0,0,0,0,0,4,8,69871400,-1,0,0,0,0,0,0,0,0,0,0,0,0,1,0,0,0,0,0,0,0,0,0,0,0,0,0,0,0,0,6620,0,64,0,0,0,0,0,0,0,0,0,0,0,0,0,0,0,0,0
2026-09-28T21:24:54Z,161,0,0,0,0,0,14576004,1467,11430115,0,0,0,0,0,0,6787,0,0,0,0,0,0,0,623,13,0,-51,1,5,3581,0,0,0,0,0, ,0,0,0,0,0,0,6787,0,0,0,943,1,369,0,0,0,0,0,0,0,0,0,0,0,0,0,0,0,0,0,0,0,0,0,0,0,0,0,0,0,0,0,0,0,0,0,0,0,1790607530214,3145728,0,0,0,0,0,0,0,0,0,0,0,3,0,0,0,0,0,0,0,0,0,0,0,0,0,0,0,0,0,0,0,0,0,0,0,3,5,143669032,-1,0,0,0,0,0,0,0,0,0,0,0,0,0,0,0,0,0,0,0,0,0,0,0,0,0,0,0,0,0,6700,0,86,0,0,0,0,0,0,0,0,0,0,0,0,0,0,0,0,0
2026-09-28T21:25:54Z,161,0,0,0,0,0,14579852,1467,11433963,0,0,0,0,0,0,6795,0,0,0,0,0,0,0,625,13,0,-51,1,5,3633,0,0,0,0,0, ,0,0,0,0,0,0,6791,0,0,0,943,1,369,0,0,0,0,0,0,0,0,0,0,0,0,0,0,0,0,0,0,0,0,0,0,0,0,0,0,0,0,0,0,0,0,0,0,0,1790607530214,3145728,0,0,0,0,0,0,0,0,0,0,0,3,0,0,0,0,0,0,0,0,0,0,0,0,0,0,0,0,0,0,0,0,0,0,0,3,6,169733536,-1,0,0,0,0,0,0,0,0,0,0,0,0,0,0,50,0,2,0,100,0,0,0,0,0,0,0,0,0,0,6733,0,56,0,0,0,0,0,0,0,0,0,0,0,0,0,0,0,0,0
2026-09-28T21:26:54Z,161,0,0,0,0,0,14592252,1467,11446363,0,0,0,0,0,0,6235,0,0,0,0,0,0,0,625,13,0,-51,1,5,3081,0,0,0,0,0, ,0,0,0,0,0,0,6231,0,0,0,943,1,369,0,0,0,0,0,0,0,0,0,0,0,0,0,0,0,0,0,0,0,0,0,0,0,0,0,0,0,0,0,0,0,0,0,0,0,1790607530214,3145728,0,0,0,0,0,0,0,0,0,0,0,3,0,0,0,0,0,0,0,0,0,0,0,0,0,0,0,0,0,0,0,0,0,0,0,3,5,156570592,-1,0,0,0,0,0,0,0,0,0,0,0,0,0,0,50,0,2,0,100,0,0,0,0,0,0,0,0,0,0,6103,0,128,0,0,0,0,0,0,0,0,0,0,0,0,0,0,0,0,0
2026-09-28T21:27:54Z,161,0,0,0,0,0,14625644,1467,11479755,0,0,0,0,0,0,5816,0,0,0,0,0,0,0,627,13,0,-51,1,5,2802,0,0,0,0,0, ,0,0,0,0,0,0,5816,0,0,0,943,1,369,0,0,0,0,0,0,0,0,0,0,0,0,0,0,0,0,0,0,0,0,0,0,0,0,0,0,0,0,0,0,0,0,0,0,0,1790607530214,3145728,0,0,0,0,0,0,0,0,0,0,0,3,0,0,0,0,0,0,0,0,0,0,0,0,0,0,0,0,0,0,0,0,0,0,0,3,6,141216360,-1,0,0,0,0,0,0,0,0,0,0,0,0,0,0,0,0,0,0,0,0,0,0,0,0,0,0,0,0,0,5649,0,165,0,0,0,0,0,0,0,0,0,0,0,0,0,0,0,0,0
2026-09-28T21:28:54Z,161,0,0,0,0,0,14638188,1467,11492299,0,0,0,0,0,0,5778,0,0,0,0,0,0,0,628,13,0,-51,1,5,2874,0,0,0,0,0, ,0,0,0,0,0,0,5778,0,0,0,943,1,369,0,0,0,0,0,0,0,0,0,0,0,0,0,0,0,0,0,0,0,0,0,0,0,0,0,0,0,0,0,0,0,0,0,0,0,1790607530214,3145728,0,0,0,0,0,0,0,0,0,0,0,3,0,0,0,0,0,0,0,0,0,0,0,0,0,0,0,0,0,0,0,0,0,0,0,3,5,78136072,-1,0,0,0,0,0,0,0,0,0,0,0,0,0,0,0,0,0,0,0,0,0,0,0,0,0,0,0,0,0,5735,0,42,0,0,0,0,0,0,0,0,0,0,0,0,0,0,0,0,0
2026-09-28T21:29:54Z,161,0,0,0,0,0,14641964,1467,11496075,0,0,0,0,0,0,6530,0,0,0,0,0,0,0,628,13,0,-52,1,5,3274,0,0,0,0,0, ,0,0,0,0,0,0,6520,0,0,0,943,1,369,0,0,0,0,0,0,0,0,0,0,0,0,0,0,0,0,0,0,0,0,0,0,0,0,0,0,0,0,0,0,0,0,0,0,0,1790607530214,3145728,0,0,0,0,0,0,0,0,0,0,0,3,0,0,0,0,0,0,0,0,0,0,0,0,0,0,0,0,0,0,0,0,0,0,0,2,3,162406848,-1,0,0,0,0,0,0,0,0,0,0,0,0,1,0,50,0,2,0,100,0,0,0,0,0,0,0,0,0,0,6475,0,44,0,0,0,0,0,0,0,0,0,0,0,0,0,0,0,0,0
2026-09-28T21:30:54Z,161,0,0,0,0,0,14667916,1467,11522027,0,0,0,0,0,0,6445,0,0,0,0,0,0,0,629,13,0,-52,1,5,2948,0,0,0,0,0, ,0,0,0,0,0,0,6445,0,0,0,943,1,369,0,0,0,0,0,0,0,0,0,0,0,0,0,0,0,0,0,0,0,0,0,0,0,0,0,0,0,0,0,0,0,0,0,0,0,1790607530214,3145728,0,0,0,0,0,0,0,0,0,0,0,3,0,0,0,0,0,0,0,0,0,0,0,0,0,0,0,0,0,0,0,0,0,0,0,3,6,79309592,-1,0,0,0,0,0,0,0,0,0,0,0,0,0,0,0,0,0,0,0,0,0,0,0,0,0,0,0,0,0,6257,0,187,0,0,0,0,0,0,0,0,0,0,0,0,0,0,0,0,0
2026-09-28T21:31:54Z,161,0,0,0,0,0,14671172,1467,11525283,0,0,0,0,0,0,6190,0,0,0,0,0,0,0,629,13,0,-52,1,5,3070,0,0,0,0,0, ,0,0,0,0,0,0,6186,0,0,0,943,1,369,0,0,0,0,0,0,0,0,0,0,0,0,0,0,0,0,0,0,0,0,0,0,0,0,0,0,0,0,0,0,0,0,0,0,0,1790607530214,3145728,0,0,0,0,0,0,0,0,0,0,0,3,0,0,0,0,0,0,0,0,0,0,0,0,0,0,0,0,0,0,0,0,0,0,0,2,3,147809984,-1,0,0,0,0,0,0,0,0,0,0,0,0,0,0,50,0,2,0,100,0,0,0,0,0,0,0,0,0,0,6123,0,63,0,0,0,0,0,0,0,0,0,0,0,0,0,0,0,0,0
2026-09-28T21:32:54Z,161,0,0,0,0,0,14689868,1467,11543979,0,0,0,0,0,0,6136,0,0,0,0,0,0,0,631,13,0,-52,1,5,2941,0,0,0,0,0, ,0,0,0,0,0,0,6136,0,0,0,943,1,369,0,0,0,0,0,0,0,0,0,0,0,0,0,0,0,0,0,0,0,0,0,0,0,0,0,0,0,0,0,0,0,0,0,0,0,1790607530214,3145728,0,0,0,0,0,0,0,0,0,0,0,3,0,0,0,0,0,0,0,0,0,0,0,0,0,0,0,0,0,0,0,0,0,0,0,3,6,80623080,-1,0,0,0,0,0,0,0,0,0,0,0,0,0,0,0,0,0,0,0,0,0,0,0,0,0,0,0,0,0,6068,0,66,0,0,0,0,0,0,0,0,0,0,0,0,0,0,0,0,0
2026-09-28T21:33:54Z,161,0,0,0,0,0,14702668,1467,11556779,0,0,0,0,0,0,6276,0,0,0,0,0,0,0,631,13,0,-52,1,5,3046,0,0,0,0,0, ,0,0,0,0,0,0,6276,0,0,0,943,1,369,0,0,0,0,0,0,0,0,0,0,0,0,0,0,0,0,0,0,0,0,0,0,0,0,0,0,0,0,0,0,0,0,0,0,0,1790607530214,3145728,0,0,0,0,0,0,0,0,0,0,0,3,0,0,0,0,0,0,0,0,0,0,0,0,0,0,0,0,0,0,0,0,0,0,0,3,5,63895544,-1,0,0,0,0,0,0,0,0,0,0,0,0,0,0,0,0,0,0,0,0,0,0,0,0,0,0,0,0,0,6190,0,86,0,0,0,0,0,0,0,0,0,0,0,0,0,0,0,0,0
2026-09-28T21:34:54Z,161,0,0,0,0,0,14721228,1467,11575339,0,0,0,0,0,0,5900,0,0,0,0,0,0,0,633,13,0,-52,1,5,2896,0,0,0,0,0, ,0,0,0,0,0,0,5900,0,0,0,943,1,369,0,0,0,0,0,0,0,0,0,0,0,0,0,0,0,0,0,0,0,0,0,0,0,0,0,0,0,0,0,0,0,0,0,0,0,1790607530214,3145728,0,0,0,0,0,0,0,0,0,0,0,3,0,0,0,0,0,0,0,0,0,0,0,0,0,0,0,0,0,0,0,0,0,0,0,3,6,66883672,-1,0,0,0,0,0,0,0,0,0,0,0,0,0,0,0,0,0,0,0,0,0,0,0,0,0,0,0,0,0,5837,0,61,0,0,0,0,0,0,0,0,0,0,0,0,0,0,0,0,0
2026-09-28T21:35:54Z,161,0,0,0,0,0,14725460,1467,11579571,0,0,0,0,0,0,6751,0,0,0,0,0,0,0,633,13,0,-53,1,5,3475,0,0,0,0,0, ,0,0,0,0,0,0,6741,0,0,0,943,1,369,0,0,0,0,0,0,0,0,0,0,0,0,0,0,0,0,0,0,0,0,0,0,0,0,0,0,0,0,0,0,0,0,0,0,0,1790607530214,3145728,0,0,0,0,0,0,0,0,0,0,0,3,0,0,0,0,0,0,0,0,0,0,0,0,0,0,0,0,0,0,0,0,0,0,0,3,4,107850672,-1,0,0,0,0,0,0,0,0,0,0,0,0,1,0,50,0,2,0,100,0,0,0,0,0,0,0,0,0,0,6663,0,77,0,0,0,0,0,0,0,0,0,0,0,0,0,0,0,0,0
2026-09-28T21:36:54Z,161,0,0,0,0,0,14744228,1467,11598339,0,0,0,0,0,0,6696,0,0,0,0,0,0,0,634,13,0,-53,1,5,3315,0,0,0,0,0, ,0,0,0,0,0,0,6696,0,0,0,943,1,369,0,0,0,0,0,0,0,0,0,0,0,0,0,0,0,0,0,0,0,0,0,0,0,0,0,0,0,0,0,0,0,0,0,0,0,1790607530214,3145728,0,0,0,0,0,0,0,0,0,0,0,3,0,0,0,0,0,0,0,0,0,0,0,0,0,0,0,0,0,0,0,0,0,0,0,3,7,128881040,-1,0,0,0,0,0,0,0,0,0,0,0,0,0,0,0,0,0,0,0,0,0,0,0,0,0,0,0,0,0,6596,0,99,0,0,0,0,0,0,0,0,0,0,0,0,0,0,0,0,0
2026-09-28T21:37:54Z,161,0,0,0,0,0,14737012,1467,11591123,0,0,0,0,0,0,5846,0,0,0,0,0,0,0,634,13,0,-53,1,5,2878,0,0,0,0,0, ,0,0,0,0,0,0,5842,0,0,0,943,1,369,0,0,0,0,0,0,0,0,0,0,0,0,0,0,0,0,0,0,0,0,0,0,0,0,0,0,0,0,0,0,0,0,0,0,0,1790607530214,3145728,0,0,0,0,0,0,0,0,0,0,0,3,0,0,0,0,0,0,0,0,0,0,0,0,0,0,0,0,0,0,0,0,0,0,0,2,3,180488168,-1,0,0,0,0,0,0,0,0,0,0,0,0,0,0,50,0,2,0,100,0,0,0,0,0,0,0,0,0,0,5778,0,64,0,0,0,0,0,0,0,0,0,0,0,0,0,0,0,0,0
2026-09-28T21:38:54Z,161,0,0,0,0,0,14741260,1467,11595371,0,0,0,0,0,0,5521,0,0,0,0,0,0,0,634,13,0,-53,1,5,2705,0,0,0,0,0, ,0,0,0,0,0,0,5521,0,0,0,943,1,369,0,0,0,0,0,0,0,0,0,0,0,0,0,0,0,0,0,0,0,0,0,0,0,0,0,0,0,0,0,0,0,0,0,0,0,1790607530214,3145728,0,0,0,0,0,0,0,0,0,0,0,3,0,0,0,0,0,0,0,0,0,0,0,0,0,0,0,0,0,0,0,0,0,0,0,3,5,97887184,-1,0,0,0,0,0,0,0,0,0,0,0,0,0,0,0,0,0,0,0,0,0,0,0,0,0,0,0,0,0,5483,0,38,0,0,0,0,0,0,0,0,0,0,0,0,0,0,0,0,0
2026-09-28T21:39:54Z,161,0,0,0,0,0,14764748,1467,11618859,0,0,0,0,0,0,5655,0,0,0,0,0,0,0,634,13,0,-53,1,5,2600,0,0,0,0,0, ,0,0,0,0,0,0,5651,0,0,0,943,1,369,0,0,0,0,0,0,0,0,0,0,0,0,0,0,0,0,0,0,0,0,0,0,0,0,0,0,0,0,0,0,0,0,0,0,0,1790607530214,3145728,0,0,0,0,0,0,0,0,0,0,0,3,0,0,0,0,0,0,0,0,0,0,0,0,0,0,0,0,0,0,0,0,0,0,0,2,3,163966240,-1,0,0,0,0,0,0,0,0,0,0,0,0,0,0,50,0,2,0,100,0,0,0,0,0,0,0,0,0,0,5459,0,192,0,0,0,0,0,0,0,0,0,0,0,0,0,0,0,0,0
2026-09-28T21:40:54Z,161,0,0,0,0,0,14773604,1467,11627715,0,0,0,0,0,0,5001,0,0,0,0,0,0,0,635,13,0,-53,1,5,2352,0,0,0,0,0, ,0,0,0,0,0,0,5001,0,0,0,943,1,369,0,0,0,0,0,0,0,0,0,0,0,0,0,0,0,0,0,0,0,0,0,0,0,0,0,0,0,0,0,0,0,0,0,0,0,1790607530214,3145728,0,0,0,0,0,0,0,0,0,0,0,3,0,0,0,0,0,0,0,0,0,0,0,0,0,0,0,0,0,0,0,0,0,0,0,2,3,156771496,-1,0,0,0,0,0,0,0,0,0,0,0,0,0,0,0,0,0,0,0,0,0,0,0,0,0,0,0,0,0,4968,0,32,0,0,0,0,0,0,0,0,0,0,0,0,0,0,0,0,0
2026-09-28T21:41:54Z,161,0,0,0,0,0,14771172,1467,11625283,0,0,0,0,0,0,5410,0,0,0,0,0,0,0,635,13,0,-54,1,5,2840,0,0,0,0,0, ,0,0,0,0,0,0,5400,0,0,0,943,1,369,0,0,0,0,0,0,0,0,0,0,0,0,0,0,0,0,0,0,0,0,0,0,0,0,0,0,0,0,0,0,0,0,0,0,0,1790607530214,3145728,0,0,0,0,0,0,0,0,0,0,0,3,0,0,0,0,0,0,0,0,0,0,0,0,0,0,0,0,0,0,0,0,0,0,0,3,6,99368336,-1,0,0,0,0,0,0,0,0,0,0,0,0,1,0,50,0,2,0,100,0,0,0,0,0,0,0,0,0,0,5329,0,70,0,0,0,0,0,0,0,0,0,0,0,0,0,0,0,0,0
2026-09-28T21:42:54Z,161,0,0,0,0,0,14795620,1467,11649731,0,0,0,0,0,0,5280,0,0,0,0,0,0,0,635,13,0,-54,1,5,2540,0,0,0,0,0, ,0,0,0,0,0,0,5276,0,0,0,943,1,369,0,0,0,0,0,0,0,0,0,0,0,0,0,0,0,0,0,0,0,0,0,0,0,0,0,0,0,0,0,0,0,0,0,0,0,1790607530214,3145728,0,0,0,0,0,0,0,0,0,0,0,3,0,0,0,0,0,0,0,0,0,0,0,0,0,0,0,0,0,0,0,0,0,0,0,2,3,193494480,-1,0,0,0,0,0,0,0,0,0,0,0,0,0,0,50,0,2,0,100,0,0,0,0,0,0,0,0,0,0,5096,0,180,0,0,0,0,0,0,0,0,0,0,0,0,0,0,0,0,0
2026-09-28T21:43:54Z,161,0,0,0,0,0,14784604,1467,11638715,0,0,0,0,0,0,5162,0,0,0,0,0,0,0,634,13,0,-55,1,5,2648,0,0,0,0,0, ,0,0,0,0,0,0,5152,0,0,0,943,1,369,0,0,0,0,0,0,0,0,0,0,0,0,0,0,0,0,0,0,0,0,0,0,0,0,0,0,0,0,0,0,0,0,0,0,0,1790607530214,3145728,0,0,0,0,0,0,0,0,0,0,0,3,0,0,0,0,0,0,0,0,0,0,0,0,0,0,0,0,0,0,0,0,0,0,0,4,8,92136376,-1,0,0,0,0,0,0,0,0,0,0,0,0,1,0,50,0,2,0,100,0,0,0,0,0,0,0,0,0,0,5091,0,61,0,0,0,0,0,0,0,0,0,0,0,0,0,0,0,0,0
2026-09-28T21:44:54Z,161,0,0,0,0,0,14799436,1467,11653547,0,0,0,0,0,0,5589,0,0,0,0,0,0,0,635,13,0,-55,1,5,2837,0,0,0,0,0, ,0,0,0,0,0,0,5589,0,0,0,943,1,369,0,0,0,0,0,0,0,0,0,0,0,0,0,0,0,0,0,0,0,0,0,0,0,0,0,0,0,0,0,0,0,0,0,0,0,1790607530214,3145728,0,0,0,0,0,0,0,0,0,0,0,3,0,0,0,0,0,0,0,0,0,0,0,0,0,0,0,0,0,0,0,0,0,0,0,3,6,188274240,-1,0,0,0,0,0,0,0,0,0,0,0,0,0,0,0,0,0,0,0,0,0,0,0,0,0,0,0,0,0,5542,0,46,0,0,0,0,0,0,0,0,0,0,0,0,0,0,0,0,0
2026-09-28T21:45:54Z,161,0,0,0,0,0,14803676,1467,11657787,0,0,0,0,0,0,5617,0,0,0,0,0,0,0,635,13,0,-55,1,5,2882,0,0,0,0,0, ,0,0,0,0,0,0,5613,0,0,0,943,1,369,0,0,0,0,0,0,0,0,0,0,0,0,0,0,0,0,0,0,0,0,0,0,0,0,0,0,0,0,0,0,0,0,0,0,0,1790607530214,3145728,0,0,0,0,0,0,0,0,0,0,0,3,0,0,0,0,0,0,0,0,0,0,0,0,0,0,0,0,0,0,0,0,0,0,0,4,7,169759048,-1,0,0,0,0,0,0,0,0,0,0,0,0,0,0,50,0,2,0,100,0,0,0,0,0,0,0,0,0,0,5528,0,85,0,0,0,0,0,0,0,0,0,0,0,0,0,0,0,0,0
2026-09-28T21:46:54Z,161,0,0,0,0,0,14824556,1467,11678667,0,0,0,0,0,0,5952,0,0,0,0,0,0,0,637,13,0,-55,1,5,2820,0,0,0,0,0, ,0,0,0,0,0,0,5952,0,0,0,943,1,369,0,0,0,0,0,0,0,0,0,0,0,0,0,0,0,0,0,0,0,0,0,0,0,0,0,0,0,0,0,0,0,0,0,0,0,1790607530214,3145728,0,0,0,0,0,0,0,0,0,0,0,3,0,0,0,0,0,0,0,0,0,0,0,0,0,0,0,0,0,0,0,0,0,0,0,3,5,102787936,-1,0,0,0,0,0,0,0,0,0,0,0,0,0,0,0,0,0,0,0,0,0,0,0,0,0,0,0,0,0,5883,0,67,0,0,0,0,0,0,0,0,0,0,0,0,0,0,0,0,0
2026-09-28T21:47:54Z,161,0,0,0,0,0,14861700,1467,11715811,0,0,0,0,0,0,7109,0,0,0,0,0,0,0,639,13,0,-55,1,5,3506,0,0,0,0,0, ,0,0,0,0,0,0,7109,0,0,0,943,1,369,0,0,0,0,0,0,0,0,0,0,0,0,0,0,0,0,0,0,0,0,0,0,0,0,0,0,0,0,0,0,0,0,0,0,0,1790607530214,3145728,0,0,0,0,0,0,0,0,0,0,0,3,0,0,0,0,0,0,0,0,0,0,0,0,0,0,0,0,0,0,0,0,0,0,0,3,5,147393744,-1,0,0,0,0,0,0,0,0,0,0,0,0,0,0,0,0,0,0,0,0,0,0,0,0,0,0,0,0,0,6897,0,210,0,0,0,0,0,0,0,0,0,0,0,0,0,0,0,0,0
2026-09-28T21:48:54Z,161,0,0,0,0,0,14895812,1467,11749923,0,0,0,0,0,0,6526,0,0,0,0,0,0,0,642,13,0,-55,1,5,3159,0,0,0,0,0, ,0,0,0,0,0,0,6519,0,0,0,943,1,369,0,0,0,0,0,0,0,0,0,0,0,0,0,0,0,0,0,0,0,0,0,0,0,0,0,0,0,0,0,0,0,0,0,0,0,1790607530214,3145728,0,0,0,0,0,0,0,0,0,0,0,3,0,0,0,0,0,0,0,0,0,0,0,0,0,0,0,0,0,0,0,0,0,0,0,3,5,183903904,-1,0,0,0,0,0,0,0,0,0,0,0,0,1,0,47,0,2,0,94,0,0,0,0,0,0,0,0,0,0,6272,0,244,0,0,0,0,0,0,0,0,0,0,0,0,0,0,0,0,0
2026-09-28T21:49:54Z,161,0,0,0,0,0,14922084,1467,11776195,0,0,0,0,0,0,7505,0,0,0,0,0,0,0,645,13,0,-55,1,5,3893,0,0,0,0,0, ,0,0,0,0,0,0,7505,0,0,0,943,1,369,0,0,0,0,0,0,0,0,0,0,0,0,0,0,0,0,0,0,0,0,0,0,0,0,0,0,0,0,0,0,0,0,0,0,0,1790607530214,3145728,0,0,0,0,0,0,0,0,0,0,0,3,0,0,0,0,0,0,0,0,0,0,0,0,0,0,0,0,0,0,0,0,0,0,0,4,7,145858416,-1,0,0,0,0,0,0,0,0,0,0,0,0,0,0,0,0,0,0,0,0,0,0,0,0,0,0,0,0,0,7427,0,75,0,0,0,0,0,0,0,0,0,0,0,0,0,0,0,0,0
2026-09-28T21:50:54Z,161,0,0,0,0,0,14959772,1467,11813883,0,0,0,0,0,0,7328,0,0,0,0,0,0,0,646,13,0,-55,1,5,3551,0,0,0,0,0, ,0,0,0,0,0,0,7244,0,0,0,943,1,369,0,0,0,0,0,0,0,0,0,0,0,0,0,0,0,0,0,0,0,0,0,0,0,0,0,0,0,0,0,0,0,0,0,0,0,1790607530214,3145728,0,0,0,0,0,0,0,0,0,0,0,3,0,0,0,0,0,0,0,0,0,0,0,0,0,0,0,0,0,0,0,0,0,0,0,4,7,100825736,-1,0,0,0,0,0,0,0,0,0,0,0,0,0,0,0,0,42,0,0,0,0,0,0,0,0,0,0,0,0,7080,0,163,0,0,0,0,0,0,0,0,0,0,0,0,0,0,0,0,0
2026-09-28T21:51:54Z,161,0,0,0,0,0,14976148,1467,11830259,0,0,0,0,0,0,7302,0,0,0,0,0,0,0,646,13,0,-55,1,5,3614,0,0,0,0,0, ,0,0,0,0,0,0,7150,0,0,0,943,1,369,0,0,0,0,0,0,0,0,0,0,0,0,0,0,0,0,0,0,0,0,0,0,0,0,0,0,0,0,0,0,0,0,0,0,0,1790607530214,3145728,0,0,0,0,0,0,0,0,0,0,0,3,0,0,0,0,0,0,0,0,0,0,0,0,0,0,0,0,0,0,0,0,0,0,0,3,5,183826864,-1,0,0,0,0,0,0,0,0,0,0,0,0,0,0,0,0,76,0,0,0,0,0,0,0,0,0,0,0,0,7078,0,72,0,0,0,0,0,0,0,0,0,0,0,0,0,0,0,0,0
2026-09-28T21:52:54Z,161,0,0,0,0,0,14991852,1467,11845963,0,0,0,0,0,0,7099,0,0,0,0,0,0,0,648,13,0,-55,1,5,3454,0,0,0,0,0, ,0,0,0,0,0,0,6907,0,0,0,943,1,369,0,0,0,0,0,0,0,0,0,0,0,0,0,0,0,0,0,0,0,0,0,0,0,0,0,0,0,0,0,0,0,0,0,0,0,1790607530214,3145728,0,0,0,0,0,0,0,0,0,0,0,3,0,0,0,0,0,0,0,0,0,0,0,0,0,0,0,0,0,0,0,0,0,0,0,4,7,58932912,-1,0,0,0,0,0,0,0,0,0,0,0,0,0,0,0,0,96,0,0,0,0,0,0,0,0,0,0,0,0,6841,0,64,0,0,0,0,0,0,0,0,0,0,0,0,0,0,0,0,0
2026-09-28T21:53:54Z,161,0,0,0,0,0,15000508,1467,11854619,0,0,0,0,0,0,6721,0,0,0,0,0,0,0,648,13,0,-55,1,5,3116,0,0,0,0,0, ,0,0,0,0,0,0,6437,0,0,0,943,1,369,0,0,0,0,0,0,0,0,0,0,0,0,0,0,0,0,0,0,0,0,0,0,0,0,0,0,0,0,0,0,0,0,0,0,0,1790607530214,3145728,0,0,0,0,0,0,0,0,0,0,0,3,0,0,0,0,0,0,0,0,0,0,0,0,0,0,0,0,0,0,0,0,0,0,0,2,3,211411344,-1,0,0,0,0,0,0,0,0,0,0,0,0,0,0,0,0,142,0,0,0,0,0,0,0,0,0,0,0,0,6385,0,52,0,0,0,0,0,0,0,0,0,0,0,0,0,0,0,0,0
2026-09-28T21:54:54Z,161,0,0,0,0,0,15014628,1467,11868739,0,0,0,0,0,0,6695,0,0,0,0,0,0,0,649,13,0,-55,1,5,3007,0,0,0,0,0, ,0,0,0,0,0,0,6331,0,0,0,943,1,369,0,0,0,0,0,0,0,0,0,0,0,0,0,0,0,0,0,0,0,0,0,0,0,0,0,0,0,0,0,0,0,0,0,0,0,1790607530214,3145728,0,0,0,0,0,0,0,0,0,0,0,3,0,0,0,0,0,0,0,0,0,0,0,0,0,0,0,0,0,0,0,0,0,0,0,3,6,114357240,-1,0,0,0,0,0,0,0,0,0,0,0,0,0,0,0,0,182,0,0,0,0,0,0,0,0,0,0,0,0,6285,0,45,0,0,0,0,0,0,0,0,0,0,0,0,0,0,0,0,0
2026-09-28T21:55:54Z,161,0,0,0,0,0,15024692,1467,11878803,0,0,0,0,0,0,6558,0,0,0,0,0,0,0,649,13,0,-55,1,5,3148,0,0,0,0,0, ,0,0,0,0,0,0,6134,0,0,0,943,1,369,0,0,0,0,0,0,0,0,0,0,0,0,0,0,0,0,0,0,0,0,0,0,0,0,0,0,0,0,0,0,0,0,0,0,0,1790607530214,3145728,0,0,0,0,0,0,0,0,0,0,0,3,0,0,0,0,0,0,0,0,0,0,0,0,0,0,0,0,0,0,0,0,0,0,0,3,5,77379968,-1,0,0,0,0,0,0,0,0,0,0,0,0,0,0,0,0,212,0,0,0,0,0,0,0,0,0,0,0,0,6071,0,63,0,0,0,0,0,0,0,0,0,0,0,0,0,0,0,0,0
2026-09-28T21:56:54Z,161,0,0,0,0,0,15037748,1467,11891859,0,0,0,0,0,0,7360,0,0,0,0,0,0,0,649,13,0,-55,1,5,3371,0,0,0,0,0, ,0,0,0,0,0,0,6844,0,0,0,943,1,369,0,0,0,0,0,0,0,0,0,0,0,0,0,0,0,0,0,0,0,0,0,0,0,0,0,0,0,0,0,0,0,0,0,0,0,1790607530214,3145728,0,0,0,0,0,0,0,0,0,0,0,3,0,0,0,0,0,0,0,0,0,0,0,0,0,0,0,0,0,0,0,0,0,0,0,3,4,124063824,-1,0,0,0,0,0,0,0,0,0,0,0,0,0,0,0,0,258,0,0,0,0,0,0,0,0,0,0,0,0,6784,0,60,0,0,0,0,0,0,0,0,0,0,0,0,0,0,0,0,0
2026-09-28T21:57:31Z,665,0,0,0,0,0,15381788,1963,12235395,0,0,0,0,0,0,4,0,0,0,0,0,0,0,649,13,0,-55,1,5,6,0,0,0,0,0, ,0,0,0,0,0,0,0,0,0,0,943,1,369,0,0,0,0,0,0,0,0,0,0,0,0,0,0,0,0,0,0,0,0,0,0,0,0,0,0,0,0,0,0,0,0,0,0,0,1790607530214,3145728,0,0,0,0,0,129,0,4,0,0,0,3,3,0,0,0,0,0,0,38,1,0,0,6144,3,11138167,13,0,0,0,0,0,0,0,0,0,0,155521104,-1,0,0,0,0,0,0,0,0,0,0,1,0,0,0,0,0,0,0,0,0,0,0,0,0,0,0,0,0,0,0,0,0,0,0,0,0,0,0,0,0,0,0,0,0,0,0,0,0,0
